[    1643ms] [LOG] [VideoTabs] Script loaded @ https://www.bevel.health/zh:757
[    1650ms] [LOG] Found 3 phone videos, 3 watch videos @ https://www.bevel.health/zh:552
[    1651ms] [LOG] Created 3 pairs @ https://www.bevel.health/zh:564
[    1651ms] [LOG] Playing pair 0: [hero_phone-video cc-1, hero_watch-video cc-1] @ https://www.bevel.health/zh:578
[    1651ms] [LOG]   Waiting for hero_phone-video cc-1 to load... @ https://www.bevel.health/zh:619
[    1651ms] [LOG]   Waiting for hero_watch-video cc-1 to load... @ https://www.bevel.health/zh:619
[    1704ms] [WARNING] [Meta Pixel] - Duplicate Pixel ID: 674879451265800. @ https://connect.facebook.net/en_US/fbevents.js:181
[    1708ms] ReferenceError: singularSdk is not defined
    at <anonymous>:1:13
    at <anonymous>:1:273
    at https://www.googletagmanager.com/gtm.js?id=GTM-PNXG37DC:831:429
    at cS (https://www.googletagmanager.com/gtm.js?id=GTM-PNXG37DC:833:31)
    at Md.bS (https://www.googletagmanager.com/gtm.js?id=GTM-PNXG37DC:830:92)
    at Md.<anonymous> (https://www.googletagmanager.com/gtm.js?id=GTM-PNXG37DC:274:187)
    at k.apply (https://www.googletagmanager.com/gtm.js?id=GTM-PNXG37DC:200:466)
    at gb (https://www.googletagmanager.com/gtm.js?id=GTM-PNXG37DC:163:719)
    at fb (https://www.googletagmanager.com/gtm.js?id=GTM-PNXG37DC:163:470)
    at Md.<anonymous> (https://www.googletagmanager.com/gtm.js?id=GTM-PNXG37DC:224:473)
[    1720ms] [LOG]   hero_phone-video cc-1 playing @ https://www.bevel.health/zh:612
[    1720ms] [LOG]   hero_watch-video cc-1 playing @ https://www.bevel.health/zh:612
[    1834ms] [ERROR] Failed to load resource: net::ERR_CONNECTION_RESET @ https://www.google-analytics.com/g/s/collect?v=2&_gsid=QxQeALe2ESjMtdRIQd9BENsRxRWA05hvLA&gtm=45g92e65j1v9185361127za204zd9185361127:0
[    2475ms] [ERROR] Failed to load resource: net::ERR_CONNECTION_RESET @ https://www.facebook.com/tr/?id=674879451265800&ev=PageView&dl=https%3A%2F%2Fwww.bevel.health%2Fzh&rl=&if=false&ts=1779372113015&sw=1470&sh=956&v=2.9.324&r=stable&a=plwebflow&ec=0&o=4126&fbp=fb.1.1779354902130.18215709997461480&eid=ob3_plugin-set_ad5aa4b36a34b1a4ae70436e38f8b64efdd125b6335bf4c78e57237bfda3a4e2&cs_est=true&ler=empty&cdl=API_unavailable&pmd[title]=Bevel%20-%20The%20Connected%20Health%20Coach&pmd[locale]=zh&pmd[description]=Bevel%20is%20the%20connected%20health%20coach%20that%20turns%20your%20wearables%2C%20bloodwork%2C%20and%20lifestyle%20into%20personalized%20recommendations.&plt=1601.300000011921&tz=480&it=1779372112984&coo=false&ap[currency]=USD&ap[contents]=%5B%7B%22item_price%22%3A0%2C%22availability%22%3A%22InStock%22%7D%5D&cf=1&expv2[0]=pl0&expv2[1]=el3&expv2[2]=bc1&expv2[3]=ra2&expv2[4]=rp2&expv2[5]=ct3&expv2[6]=hf0&rqm=GET:0
[    6156ms] [ERROR] Failed to load resource: net::ERR_QUIC_PROTOCOL_ERROR.QUIC_NETWORK_IDLE_TIMEOUT @ https://px.ads.linkedin.com/attribution_trigger?pid=8210420&time=1779372113035&url=https%3A%2F%2Fwww.bevel.health%2Fzh:0
[    6976ms] [LOG]   hero_phone-video cc-1 finished (1/2) @ https://www.bevel.health/zh:598
[    7507ms] [LOG]   hero_watch-video cc-1 finished (2/2) @ https://www.bevel.health/zh:598
[    7507ms] [LOG] Playing pair 1: [hero_phone-video cc-2, hero_watch-video cc-2] @ https://www.bevel.health/zh:578
[    7507ms] [LOG]   Waiting for hero_phone-video cc-2 to load... @ https://www.bevel.health/zh:619
[    7507ms] [LOG]   Waiting for hero_watch-video cc-2 to load... @ https://www.bevel.health/zh:619
[    7522ms] [LOG]   hero_watch-video cc-2 playing @ https://www.bevel.health/zh:612
[    7522ms] [LOG]   hero_phone-video cc-2 playing @ https://www.bevel.health/zh:612
[   12011ms] [ERROR] Access to script at 'https://static.ads-twitter.com/uwt.js' from origin 'https://www.bevel.health' has been blocked by CORS policy: Request had a target IP address space of `public` yet the resource is in address space `unknown`. @ https://www.bevel.health/zh:0
[   12011ms] [ERROR] Failed to load resource: net::ERR_FAILED @ https://static.ads-twitter.com/uwt.js:0
[   13367ms] [LOG]   hero_watch-video cc-2 finished (1/2) @ https://www.bevel.health/zh:598
[   13367ms] [LOG]   hero_phone-video cc-2 finished (2/2) @ https://www.bevel.health/zh:598
[   13367ms] [LOG] Playing pair 2: [hero_phone-video cc-3, hero_watch-video cc-3] @ https://www.bevel.health/zh:578
[   13367ms] [LOG]   Waiting for hero_phone-video cc-3 to load... @ https://www.bevel.health/zh:619
[   13367ms] [LOG]   Waiting for hero_watch-video cc-3 to load... @ https://www.bevel.health/zh:619
[   13419ms] [LOG]   hero_phone-video cc-3 playing @ https://www.bevel.health/zh:612
[   13420ms] [LOG]   hero_watch-video cc-3 playing @ https://www.bevel.health/zh:612
[   19257ms] [LOG]   hero_phone-video cc-3 finished (1/2) @ https://www.bevel.health/zh:598
[   19258ms] [LOG]   hero_watch-video cc-3 finished (2/2) @ https://www.bevel.health/zh:598
[   19258ms] [LOG] Playing pair 0: [hero_phone-video cc-1, hero_watch-video cc-1] @ https://www.bevel.health/zh:578
[   19258ms] [LOG]   Waiting for hero_phone-video cc-1 to load... @ https://www.bevel.health/zh:619
[   19258ms] [LOG]   Waiting for hero_watch-video cc-1 to load... @ https://www.bevel.health/zh:619
[   19287ms] [LOG]   hero_phone-video cc-1 playing @ https://www.bevel.health/zh:612
[   19287ms] [LOG]   hero_watch-video cc-1 playing @ https://www.bevel.health/zh:612
[   21474ms] [ERROR] Failed to load resource: net::ERR_CONNECTION_RESET @ https://www.facebook.com/privacy_sandbox/pixel/register/trigger/?id=674879451265800&ev=PageView&dl=https%3A%2F%2Fwww.bevel.health%2Fzh&rl=&if=false&ts=1779372113015&sw=1470&sh=956&v=2.9.324&r=stable&a=plwebflow&ec=0&o=4126&fbp=fb.1.1779354902130.18215709997461480&eid=ob3_plugin-set_ad5aa4b36a34b1a4ae70436e38f8b64efdd125b6335bf4c78e57237bfda3a4e2&cs_est=true&ler=empty&cdl=API_unavailable&pmd[title]=Bevel%20-%20The%20Connected%20Health%20Coach&pmd[locale]=zh&pmd[description]=Bevel%20is%20the%20connected%20health%20coach%20that%20turns%20your%20wearables%2C%20bloodwork%2C%20and%20lifestyle%20into%20personalized%20recommendations.&plt=1601.300000011921&tz=480&it=1779372112984&coo=false&ap[currency]=USD&ap[contents]=%5B%7B%22item_price%22%3A0%2C%22availability%22%3A%22InStock%22%7D%5D&cf=1&expv2[0]=pl0&expv2[1]=el3&expv2[2]=bc1&expv2[3]=ra2&expv2[4]=rp2&expv2[5]=ct3&expv2[6]=hf0&rqm=FGET:0
[   24586ms] [LOG]   hero_phone-video cc-1 finished (1/2) @ https://www.bevel.health/zh:598
[   25117ms] [LOG]   hero_watch-video cc-1 finished (2/2) @ https://www.bevel.health/zh:598
[   25117ms] [LOG] Playing pair 1: [hero_phone-video cc-2, hero_watch-video cc-2] @ https://www.bevel.health/zh:578
[   25117ms] [LOG]   Waiting for hero_phone-video cc-2 to load... @ https://www.bevel.health/zh:619
[   25117ms] [LOG]   Waiting for hero_watch-video cc-2 to load... @ https://www.bevel.health/zh:619
[   25137ms] [LOG]   hero_watch-video cc-2 playing @ https://www.bevel.health/zh:612
[   25138ms] [LOG]   hero_phone-video cc-2 playing @ https://www.bevel.health/zh:612
[   30976ms] [LOG]   hero_watch-video cc-2 finished (1/2) @ https://www.bevel.health/zh:598
[   30976ms] [LOG]   hero_phone-video cc-2 finished (2/2) @ https://www.bevel.health/zh:598
[   30976ms] [LOG] Playing pair 2: [hero_phone-video cc-3, hero_watch-video cc-3] @ https://www.bevel.health/zh:578
[   30976ms] [LOG]   Waiting for hero_phone-video cc-3 to load... @ https://www.bevel.health/zh:619
[   30976ms] [LOG]   Waiting for hero_watch-video cc-3 to load... @ https://www.bevel.health/zh:619
[   30991ms] [LOG]   hero_phone-video cc-3 playing @ https://www.bevel.health/zh:612
[   30991ms] [LOG]   hero_watch-video cc-3 playing @ https://www.bevel.health/zh:612
[   36836ms] [LOG]   hero_phone-video cc-3 finished (1/2) @ https://www.bevel.health/zh:598
[   36836ms] [LOG]   hero_watch-video cc-3 finished (2/2) @ https://www.bevel.health/zh:598
[   36836ms] [LOG] Playing pair 0: [hero_phone-video cc-1, hero_watch-video cc-1] @ https://www.bevel.health/zh:578
[   36836ms] [LOG]   Waiting for hero_phone-video cc-1 to load... @ https://www.bevel.health/zh:619
[   36836ms] [LOG]   Waiting for hero_watch-video cc-1 to load... @ https://www.bevel.health/zh:619
[   36853ms] [LOG]   hero_phone-video cc-1 playing @ https://www.bevel.health/zh:612
[   36854ms] [LOG]   hero_watch-video cc-1 playing @ https://www.bevel.health/zh:612
[   41026ms] [ERROR] Access to image at 'https://px4.ads.linkedin.com/collect?v=2&fmt=js&pid=8210420&time=1779372113035&li_adsId=52676a23-1535-40e7-85cd-dbb0d94a5176&url=https%3A%2F%2Fwww.bevel.health%2Fzh&e_ipv6=AQKKN4rMXqVkGAAAAZ5K175_aKPThLC_KZSO7wvlCd5RpNvUsrN82Gwakh_SYQNtxw7PqsGzdgDcfVD2rk73C-2sAtf27wD8kQ' (redirected from 'https://px.ads.linkedin.com/collect?v=2&fmt=js&pid=8210420&time=1779372113035&li_adsId=52676a23-1535-40e7-85cd-dbb0d94a5176&url=https%3A%2F%2Fwww.bevel.health%2Fzh') from origin 'https://www.bevel.health' has been blocked by CORS policy: Request had a target IP address space of `public` yet the resource is in address space `unknown`. @ https://www.bevel.health/zh:0
[   41026ms] [ERROR] Failed to load resource: net::ERR_FAILED @ https://px4.ads.linkedin.com/collect?v=2&fmt=js&pid=8210420&time=1779372113035&li_adsId=52676a23-1535-40e7-85cd-dbb0d94a5176&url=https%3A%2F%2Fwww.bevel.health%2Fzh&e_ipv6=AQKKN4rMXqVkGAAAAZ5K175_aKPThLC_KZSO7wvlCd5RpNvUsrN82Gwakh_SYQNtxw7PqsGzdgDcfVD2rk73C-2sAtf27wD8kQ:0
[   42163ms] [LOG]   hero_phone-video cc-1 finished (1/2) @ https://www.bevel.health/zh:598
[   42694ms] [LOG]   hero_watch-video cc-1 finished (2/2) @ https://www.bevel.health/zh:598
[   42694ms] [LOG] Playing pair 1: [hero_phone-video cc-2, hero_watch-video cc-2] @ https://www.bevel.health/zh:578
[   42695ms] [LOG]   Waiting for hero_phone-video cc-2 to load... @ https://www.bevel.health/zh:619
[   42695ms] [LOG]   Waiting for hero_watch-video cc-2 to load... @ https://www.bevel.health/zh:619
[   42718ms] [LOG]   hero_watch-video cc-2 playing @ https://www.bevel.health/zh:612
[   42718ms] [LOG]   hero_phone-video cc-2 playing @ https://www.bevel.health/zh:612
[   48554ms] [LOG]   hero_watch-video cc-2 finished (1/2) @ https://www.bevel.health/zh:598
[   48555ms] [LOG]   hero_phone-video cc-2 finished (2/2) @ https://www.bevel.health/zh:598
[   48555ms] [LOG] Playing pair 2: [hero_phone-video cc-3, hero_watch-video cc-3] @ https://www.bevel.health/zh:578
[   48555ms] [LOG]   Waiting for hero_phone-video cc-3 to load... @ https://www.bevel.health/zh:619
[   48555ms] [LOG]   Waiting for hero_watch-video cc-3 to load... @ https://www.bevel.health/zh:619
[   48572ms] [LOG]   hero_phone-video cc-3 playing @ https://www.bevel.health/zh:612
[   48572ms] [LOG]   hero_watch-video cc-3 playing @ https://www.bevel.health/zh:612
[   54413ms] [LOG]   hero_phone-video cc-3 finished (1/2) @ https://www.bevel.health/zh:598
[   54414ms] [LOG]   hero_watch-video cc-3 finished (2/2) @ https://www.bevel.health/zh:598
[   54414ms] [LOG] Playing pair 0: [hero_phone-video cc-1, hero_watch-video cc-1] @ https://www.bevel.health/zh:578
[   54414ms] [LOG]   Waiting for hero_phone-video cc-1 to load... @ https://www.bevel.health/zh:619
[   54414ms] [LOG]   Waiting for hero_watch-video cc-1 to load... @ https://www.bevel.health/zh:619
[   54435ms] [LOG]   hero_phone-video cc-1 playing @ https://www.bevel.health/zh:612
[   54435ms] [LOG]   hero_watch-video cc-1 playing @ https://www.bevel.health/zh:612
[   59742ms] [LOG]   hero_phone-video cc-1 finished (1/2) @ https://www.bevel.health/zh:598
[   60273ms] [LOG]   hero_watch-video cc-1 finished (2/2) @ https://www.bevel.health/zh:598
[   60273ms] [LOG] Playing pair 1: [hero_phone-video cc-2, hero_watch-video cc-2] @ https://www.bevel.health/zh:578
[   60274ms] [LOG]   Waiting for hero_phone-video cc-2 to load... @ https://www.bevel.health/zh:619
[   60274ms] [LOG]   Waiting for hero_watch-video cc-2 to load... @ https://www.bevel.health/zh:619
[   60289ms] [LOG]   hero_watch-video cc-2 playing @ https://www.bevel.health/zh:612
[   60290ms] [LOG]   hero_phone-video cc-2 playing @ https://www.bevel.health/zh:612
[   66132ms] [LOG]   hero_watch-video cc-2 finished (1/2) @ https://www.bevel.health/zh:598
[   66132ms] [LOG]   hero_phone-video cc-2 finished (2/2) @ https://www.bevel.health/zh:598
[   66133ms] [LOG] Playing pair 2: [hero_phone-video cc-3, hero_watch-video cc-3] @ https://www.bevel.health/zh:578
[   66133ms] [LOG]   Waiting for hero_phone-video cc-3 to load... @ https://www.bevel.health/zh:619
[   66133ms] [LOG]   Waiting for hero_watch-video cc-3 to load... @ https://www.bevel.health/zh:619
[   66148ms] [LOG]   hero_phone-video cc-3 playing @ https://www.bevel.health/zh:612
[   66148ms] [LOG]   hero_watch-video cc-3 playing @ https://www.bevel.health/zh:612
[   71992ms] [LOG]   hero_phone-video cc-3 finished (1/2) @ https://www.bevel.health/zh:598
[   71993ms] [LOG]   hero_watch-video cc-3 finished (2/2) @ https://www.bevel.health/zh:598
[   71993ms] [LOG] Playing pair 0: [hero_phone-video cc-1, hero_watch-video cc-1] @ https://www.bevel.health/zh:578
[   71993ms] [LOG]   Waiting for hero_phone-video cc-1 to load... @ https://www.bevel.health/zh:619
[   71993ms] [LOG]   Waiting for hero_watch-video cc-1 to load... @ https://www.bevel.health/zh:619
[   72017ms] [LOG]   hero_phone-video cc-1 playing @ https://www.bevel.health/zh:612
[   72017ms] [LOG]   hero_watch-video cc-1 playing @ https://www.bevel.health/zh:612
[   75362ms] [INFO]  @ https://s.pinimg.com/ct/lib/main.948ee93e.js:0
[   75362ms] [ERROR] Failed to load resource: net::ERR_CONNECTION_TIMED_OUT @ https://ct.pinterest.com/user/?tid=2613978811830&pd=%7B%22np%22%3A%22gtm%22%2C%22gtm_version%22%3A%22legacy%22%2C%22pin_unauth%22%3A%22dWlkPVpEZGhZVEppTlRNdE5HVTFPQzAwTWpreExXRmhPVEF0TmpZMk1HRmhaV0U1T1dFeg%22%7D&cb=1779372113042&dep=2%2CPAGE_LOAD:0
[   76890ms] [ERROR] Failed to load resource: net::ERR_CONNECTION_TIMED_OUT @ https://analytics.tiktok.com/i18n/pixel/events.js?sdkid=CSVNQVJC77UF2P29S9K0&lib=ttq:0
[   76990ms] [ERROR] Failed to load resource: net::ERR_CONNECTION_TIMED_OUT @ https://www.google.com/ccm/collect?rcb=15&frm=0&ae=g&auid=848137811.1779354880&dt=Bevel%20-%20The%20Connected%20Health%20Coach&en=page_view&dl=https%3A%2F%2Fwww.bevel.health%2Fzh&scrsrc=www.googletagmanager.com&rnd=1972922001.1779372113&navt=n&npa=0&ep.ads_data_redaction=0&gdid=dZGVlNj.dYWYxNW&gtm=45He65j1v9189570673za200zd9189570673xea&gcd=13l3l3l3l1l1&dma=0&tag_exp=0~115938465~115938469~116767281&apve=1&apvf=f&apvc=1&tft=1779372112999&tfd=1631:0
[   77033ms] [INFO]  @ https://s.pinimg.com/ct/lib/main.948ee93e.js:0
[   77034ms] [ERROR] Failed to load resource: net::ERR_CONNECTION_TIMED_OUT @ https://ct.pinterest.com/user/?event=pagevisit&ed=%7B%22%22%3A%22%22%2C%22np%22%3A%22gtm%22%2C%22gtm_version%22%3A%22legacy%22%7D&tid=2613978811830&cb=1779372113042&dep=5%2CEVENT_TAGS_ABSENT:0
[   77034ms] [ERROR] Failed to load resource: net::ERR_CONNECTION_TIMED_OUT @ https://ct.pinterest.com/v3/?tid=2613978811830&pd=%7B%22np%22%3A%22gtm%22%2C%22gtm_version%22%3A%22legacy%22%2C%22pin_unauth%22%3A%22dWlkPVpEZGhZVEppTlRNdE5HVTFPQzAwTWpreExXRmhPVEF0TmpZMk1HRmhaV0U1T1dFeg%22%7D&event=init&ad=%7B%22loc%22%3A%22https%3A%2F%2Fwww.bevel.health%2Fzh%22%2C%22ref%22%3A%22%22%2C%22if%22%3Afalse%2C%22sh%22%3A956%2C%22sw%22%3A1470%2C%22mh%22%3A%22948ee93e%22%2C%22is_eu%22%3Atrue%2C%22architecture%22%3A%22arm%22%2C%22bitness%22%3A%2264%22%2C%22brands%22%3A%5B%7B%22brand%22%3A%22Chromium%22%2C%22version%22%3A%22148%22%7D%2C%7B%22brand%22%3A%22Google%20Chrome%22%2C%22version%22%3A%22148%22%7D%2C%7B%22brand%22%3A%22Not%2FA)Brand%22%2C%22version%22%3A%2299%22%7D%5D%2C%22mobile%22%3Afalse%2C%22model%22%3A%22%22%2C%22platform%22%3A%22macOS%22%2C%22platformVersion%22%3A%2226.5.0%22%2C%22uaFullVersion%22%3A%22148.0.7778.169%22%2C%22ecm_enabled%22%3Atrue%7D&cb=1779372113043:0
[   77036ms] Uncaught (in promise) TypeError: Failed to fetch
    at <anonymous> (https://s.pinimg.com/ct/lib/main.948ee93e.js:0:65398)
[   77220ms] [ERROR] Failed to load resource: net::ERR_CONNECTION_TIMED_OUT @ https://pixel-config.reddit.com/pixels/a2_hvv1euzu4p85/config:0
[   77246ms] [ERROR] Failed to load resource: net::ERR_CONNECTION_TIMED_OUT @ https://www.google.com/rmkt/collect/16777702849/?random=1779372113024&cv=11&fst=1779372113024&fmt=8&bg=ffffff&guid=ON&async=1&en=gtag.config&gtm=45be65j1v9200642717z89189570673za20gzb9189570673zd9189570673xec&gcd=13l3l3l3l1l1&dma=0&tag_exp=0~115938465~115938468~116767281&u_w=1470&u_h=956&url=https%3A%2F%2Fwww.bevel.health%2Fzh&rcb=2&frm=0&tiba=Bevel%20-%20The%20Connected%20Health%20Coach&did=dZGVlNj%2CdYWYxNW&gdid=dZGVlNj.dYWYxNW&hn=www.googleadservices.com&npa=0&pscdl=noapi&auid=848137811.1779354880&uaa=arm&uab=64&uafvl=Chromium%3B148.0.7778.169%7CGoogle%2520Chrome%3B148.0.7778.169%7CNot%252FA)Brand%3B99.0.0.0&uamb=0&uam=&uap=macOS&uapv=26.5.0&uaw=0&data=event%3Dgtag.config&gcp=5:0
[   77320ms] [LOG]   hero_phone-video cc-1 finished (1/2) @ https://www.bevel.health/zh:598
[   77329ms] [ERROR] Failed to load resource: net::ERR_CONNECTION_TIMED_OUT @ https://www.google.com/ccm/collect?rcb=2&frm=0&auid=848137811.1779354880&dt=Bevel%20-%20The%20Connected%20Health%20Coach&en=page_view&dl=https%3A%2F%2Fwww.bevel.health%2Fzh&scrsrc=www.googletagmanager.com&rnd=1972922001.1779372113&navt=n&npa=0&did=dZGVlNj%2CdYWYxNW&gdid=dZGVlNj.dYWYxNW&gtm=45be65j1v9200642717z89189570673za20gzb9189570673zd9189570673xec&gcd=13l3l3l3l1l1&dma=0&tag_exp=0~115938465~115938468~116767281&apve=1&apvf=f&apvc=0&tids=AW-16777702849&tid=AW-16777702849&tft=1779372113032&tfd=1664:0
[   77509ms] [ERROR] Failed to load resource: net::ERR_CONNECTION_TIMED_OUT @ https://alb.reddit.com/rp.gif?ts=1779372113515&id=a2_hvv1euzu4p85&event=PageVisit&m.itemCount=&m.value=&m.valueDecimal=&m.currency=&m.transactionId=&m.customEventName=&m.products=&m.conversionId=&uuid=a6f79f41-81d9-41fc-a6ee-a3fe406ddff7&aaid=&external_id=&idfa=&integration=reddit&partner=&partner_version=&opt_out=0&sh=1470&sw=956&v=rdt_47ad39b8&dpm=&dpcc=&dprc=:0
[   77536ms] [LOG] [VideoTabs] Window loaded @ https://www.bevel.health/zh:760
[   77536ms] [LOG] [VideoTabs] Tabs: 9 | Media panels: 9 @ https://www.bevel.health/zh:790
[   77536ms] [LOG] [VideoTabs] Init complete — waiting for scroll into view ✓ @ https://www.bevel.health/zh:1037
[   77540ms] [LOG] [VideoTabs] Out of view @ https://www.bevel.health/zh:1023
[   77852ms] [LOG]   hero_watch-video cc-1 finished (2/2) @ https://www.bevel.health/zh:598
[   77852ms] [LOG] Playing pair 1: [hero_phone-video cc-2, hero_watch-video cc-2] @ https://www.bevel.health/zh:578
[   77852ms] [LOG]   Waiting for hero_phone-video cc-2 to load... @ https://www.bevel.health/zh:619
[   77852ms] [LOG]   Waiting for hero_watch-video cc-2 to load... @ https://www.bevel.health/zh:619
[   77877ms] [LOG]   hero_watch-video cc-2 playing @ https://www.bevel.health/zh:612
[   77877ms] [LOG]   hero_phone-video cc-2 playing @ https://www.bevel.health/zh:612
[   83711ms] [LOG]   hero_watch-video cc-2 finished (1/2) @ https://www.bevel.health/zh:598
[   83711ms] [LOG]   hero_phone-video cc-2 finished (2/2) @ https://www.bevel.health/zh:598
[   83711ms] [LOG] Playing pair 2: [hero_phone-video cc-3, hero_watch-video cc-3] @ https://www.bevel.health/zh:578
[   83711ms] [LOG]   Waiting for hero_phone-video cc-3 to load... @ https://www.bevel.health/zh:619
[   83712ms] [LOG]   Waiting for hero_watch-video cc-3 to load... @ https://www.bevel.health/zh:619
[   83731ms] [LOG]   hero_phone-video cc-3 playing @ https://www.bevel.health/zh:612
[   83731ms] [LOG]   hero_watch-video cc-3 playing @ https://www.bevel.health/zh:612
[   89570ms] [LOG]   hero_phone-video cc-3 finished (1/2) @ https://www.bevel.health/zh:598
[   89570ms] [LOG]   hero_watch-video cc-3 finished (2/2) @ https://www.bevel.health/zh:598
[   89571ms] [LOG] Playing pair 0: [hero_phone-video cc-1, hero_watch-video cc-1] @ https://www.bevel.health/zh:578
[   89571ms] [LOG]   Waiting for hero_phone-video cc-1 to load... @ https://www.bevel.health/zh:619
[   89571ms] [LOG]   Waiting for hero_watch-video cc-1 to load... @ https://www.bevel.health/zh:619
[   89587ms] [LOG]   hero_watch-video cc-1 playing @ https://www.bevel.health/zh:612
[   89588ms] [LOG]   hero_phone-video cc-1 playing @ https://www.bevel.health/zh:612
[   94899ms] [LOG]   hero_phone-video cc-1 finished (1/2) @ https://www.bevel.health/zh:598
[   95429ms] [LOG]   hero_watch-video cc-1 finished (2/2) @ https://www.bevel.health/zh:598
[   95429ms] [LOG] Playing pair 1: [hero_phone-video cc-2, hero_watch-video cc-2] @ https://www.bevel.health/zh:578
[   95429ms] [LOG]   Waiting for hero_phone-video cc-2 to load... @ https://www.bevel.health/zh:619
[   95430ms] [LOG]   Waiting for hero_watch-video cc-2 to load... @ https://www.bevel.health/zh:619
[   95451ms] [LOG]   hero_watch-video cc-2 playing @ https://www.bevel.health/zh:612
[   95452ms] [LOG]   hero_phone-video cc-2 playing @ https://www.bevel.health/zh:612
[  101290ms] [LOG]   hero_watch-video cc-2 finished (1/2) @ https://www.bevel.health/zh:598
[  101290ms] [LOG]   hero_phone-video cc-2 finished (2/2) @ https://www.bevel.health/zh:598
[  101290ms] [LOG] Playing pair 2: [hero_phone-video cc-3, hero_watch-video cc-3] @ https://www.bevel.health/zh:578
[  101290ms] [LOG]   Waiting for hero_phone-video cc-3 to load... @ https://www.bevel.health/zh:619
[  101291ms] [LOG]   Waiting for hero_watch-video cc-3 to load... @ https://www.bevel.health/zh:619
[  101321ms] [LOG]   hero_phone-video cc-3 playing @ https://www.bevel.health/zh:612
[  101321ms] [LOG]   hero_watch-video cc-3 playing @ https://www.bevel.health/zh:612
[  107164ms] [LOG]   hero_phone-video cc-3 finished (1/2) @ https://www.bevel.health/zh:598
[  107164ms] [LOG]   hero_watch-video cc-3 finished (2/2) @ https://www.bevel.health/zh:598
[  107164ms] [LOG] Playing pair 0: [hero_phone-video cc-1, hero_watch-video cc-1] @ https://www.bevel.health/zh:578
[  107165ms] [LOG]   Waiting for hero_phone-video cc-1 to load... @ https://www.bevel.health/zh:619
[  107165ms] [LOG]   Waiting for hero_watch-video cc-1 to load... @ https://www.bevel.health/zh:619
[  107188ms] [LOG]   hero_phone-video cc-1 playing @ https://www.bevel.health/zh:612
[  107189ms] [LOG]   hero_watch-video cc-1 playing @ https://www.bevel.health/zh:612
[  112492ms] [LOG]   hero_phone-video cc-1 finished (1/2) @ https://www.bevel.health/zh:598
[  113024ms] [LOG]   hero_watch-video cc-1 finished (2/2) @ https://www.bevel.health/zh:598
[  113024ms] [LOG] Playing pair 1: [hero_phone-video cc-2, hero_watch-video cc-2] @ https://www.bevel.health/zh:578
[  113025ms] [LOG]   Waiting for hero_phone-video cc-2 to load... @ https://www.bevel.health/zh:619
[  113026ms] [LOG]   Waiting for hero_watch-video cc-2 to load... @ https://www.bevel.health/zh:619
[  113052ms] [LOG]   hero_watch-video cc-2 playing @ https://www.bevel.health/zh:612
[  113053ms] [LOG]   hero_phone-video cc-2 playing @ https://www.bevel.health/zh:612
[  118883ms] [LOG]   hero_watch-video cc-2 finished (1/2) @ https://www.bevel.health/zh:598
[  118883ms] [LOG]   hero_phone-video cc-2 finished (2/2) @ https://www.bevel.health/zh:598
[  118883ms] [LOG] Playing pair 2: [hero_phone-video cc-3, hero_watch-video cc-3] @ https://www.bevel.health/zh:578
[  118883ms] [LOG]   Waiting for hero_phone-video cc-3 to load... @ https://www.bevel.health/zh:619
[  118883ms] [LOG]   Waiting for hero_watch-video cc-3 to load... @ https://www.bevel.health/zh:619
[  118898ms] [LOG]   hero_phone-video cc-3 playing @ https://www.bevel.health/zh:612
[  118899ms] [LOG]   hero_watch-video cc-3 playing @ https://www.bevel.health/zh:612
[  124743ms] [LOG]   hero_phone-video cc-3 finished (1/2) @ https://www.bevel.health/zh:598
[  124743ms] [LOG]   hero_watch-video cc-3 finished (2/2) @ https://www.bevel.health/zh:598
[  124743ms] [LOG] Playing pair 0: [hero_phone-video cc-1, hero_watch-video cc-1] @ https://www.bevel.health/zh:578
[  124744ms] [LOG]   Waiting for hero_phone-video cc-1 to load... @ https://www.bevel.health/zh:619
[  124744ms] [LOG]   Waiting for hero_watch-video cc-1 to load... @ https://www.bevel.health/zh:619
[  124767ms] [LOG]   hero_phone-video cc-1 playing @ https://www.bevel.health/zh:612
[  124767ms] [LOG]   hero_watch-video cc-1 playing @ https://www.bevel.health/zh:612
[  130071ms] [LOG]   hero_phone-video cc-1 finished (1/2) @ https://www.bevel.health/zh:598
[  130602ms] [LOG]   hero_watch-video cc-1 finished (2/2) @ https://www.bevel.health/zh:598
[  130602ms] [LOG] Playing pair 1: [hero_phone-video cc-2, hero_watch-video cc-2] @ https://www.bevel.health/zh:578
[  130603ms] [LOG]   Waiting for hero_phone-video cc-2 to load... @ https://www.bevel.health/zh:619
[  130603ms] [LOG]   Waiting for hero_watch-video cc-2 to load... @ https://www.bevel.health/zh:619
[  130624ms] [LOG]   hero_watch-video cc-2 playing @ https://www.bevel.health/zh:612
[  130625ms] [LOG]   hero_phone-video cc-2 playing @ https://www.bevel.health/zh:612
[  136462ms] [LOG]   hero_watch-video cc-2 finished (1/2) @ https://www.bevel.health/zh:598
[  136462ms] [LOG]   hero_phone-video cc-2 finished (2/2) @ https://www.bevel.health/zh:598
[  136462ms] [LOG] Playing pair 2: [hero_phone-video cc-3, hero_watch-video cc-3] @ https://www.bevel.health/zh:578
[  136462ms] [LOG]   Waiting for hero_phone-video cc-3 to load... @ https://www.bevel.health/zh:619
[  136463ms] [LOG]   Waiting for hero_watch-video cc-3 to load... @ https://www.bevel.health/zh:619
[  136487ms] [LOG]   hero_phone-video cc-3 playing @ https://www.bevel.health/zh:612
[  136488ms] [LOG]   hero_watch-video cc-3 playing @ https://www.bevel.health/zh:612
[  142321ms] [LOG]   hero_phone-video cc-3 finished (1/2) @ https://www.bevel.health/zh:598
[  142321ms] [LOG]   hero_watch-video cc-3 finished (2/2) @ https://www.bevel.health/zh:598
[  142321ms] [LOG] Playing pair 0: [hero_phone-video cc-1, hero_watch-video cc-1] @ https://www.bevel.health/zh:578
[  142321ms] [LOG]   Waiting for hero_phone-video cc-1 to load... @ https://www.bevel.health/zh:619
[  142322ms] [LOG]   Waiting for hero_watch-video cc-1 to load... @ https://www.bevel.health/zh:619
[  142346ms] [LOG]   hero_phone-video cc-1 playing @ https://www.bevel.health/zh:612
[  142347ms] [LOG]   hero_watch-video cc-1 playing @ https://www.bevel.health/zh:612
[  147649ms] [LOG]   hero_phone-video cc-1 finished (1/2) @ https://www.bevel.health/zh:598
[  148180ms] [LOG]   hero_watch-video cc-1 finished (2/2) @ https://www.bevel.health/zh:598
[  148180ms] [LOG] Playing pair 1: [hero_phone-video cc-2, hero_watch-video cc-2] @ https://www.bevel.health/zh:578
[  148180ms] [LOG]   Waiting for hero_phone-video cc-2 to load... @ https://www.bevel.health/zh:619
[  148180ms] [LOG]   Waiting for hero_watch-video cc-2 to load... @ https://www.bevel.health/zh:619
[  148204ms] [LOG]   hero_watch-video cc-2 playing @ https://www.bevel.health/zh:612
[  148204ms] [LOG]   hero_phone-video cc-2 playing @ https://www.bevel.health/zh:612
[  154041ms] [LOG]   hero_watch-video cc-2 finished (1/2) @ https://www.bevel.health/zh:598
[  154041ms] [LOG]   hero_phone-video cc-2 finished (2/2) @ https://www.bevel.health/zh:598
[  154041ms] [LOG] Playing pair 2: [hero_phone-video cc-3, hero_watch-video cc-3] @ https://www.bevel.health/zh:578
[  154041ms] [LOG]   Waiting for hero_phone-video cc-3 to load... @ https://www.bevel.health/zh:619
[  154041ms] [LOG]   Waiting for hero_watch-video cc-3 to load... @ https://www.bevel.health/zh:619
[  154056ms] [LOG]   hero_phone-video cc-3 playing @ https://www.bevel.health/zh:612
[  154057ms] [LOG]   hero_watch-video cc-3 playing @ https://www.bevel.health/zh:612
[  159899ms] [LOG]   hero_phone-video cc-3 finished (1/2) @ https://www.bevel.health/zh:598
[  159899ms] [LOG]   hero_watch-video cc-3 finished (2/2) @ https://www.bevel.health/zh:598
[  159899ms] [LOG] Playing pair 0: [hero_phone-video cc-1, hero_watch-video cc-1] @ https://www.bevel.health/zh:578
[  159900ms] [LOG]   Waiting for hero_phone-video cc-1 to load... @ https://www.bevel.health/zh:619
[  159900ms] [LOG]   Waiting for hero_watch-video cc-1 to load... @ https://www.bevel.health/zh:619
[  159929ms] [LOG]   hero_phone-video cc-1 playing @ https://www.bevel.health/zh:612
[  159931ms] [LOG]   hero_watch-video cc-1 playing @ https://www.bevel.health/zh:612
[  165228ms] [LOG]   hero_phone-video cc-1 finished (1/2) @ https://www.bevel.health/zh:598
[  165775ms] [LOG]   hero_watch-video cc-1 finished (2/2) @ https://www.bevel.health/zh:598
[  165775ms] [LOG] Playing pair 1: [hero_phone-video cc-2, hero_watch-video cc-2] @ https://www.bevel.health/zh:578
[  165776ms] [LOG]   Waiting for hero_phone-video cc-2 to load... @ https://www.bevel.health/zh:619
[  165776ms] [LOG]   Waiting for hero_watch-video cc-2 to load... @ https://www.bevel.health/zh:619
[  165798ms] [LOG]   hero_watch-video cc-2 playing @ https://www.bevel.health/zh:612
[  165799ms] [LOG]   hero_phone-video cc-2 playing @ https://www.bevel.health/zh:612
[  171633ms] [LOG]   hero_watch-video cc-2 finished (1/2) @ https://www.bevel.health/zh:598
[  171633ms] [LOG]   hero_phone-video cc-2 finished (2/2) @ https://www.bevel.health/zh:598
[  171633ms] [LOG] Playing pair 2: [hero_phone-video cc-3, hero_watch-video cc-3] @ https://www.bevel.health/zh:578
[  171634ms] [LOG]   Waiting for hero_phone-video cc-3 to load... @ https://www.bevel.health/zh:619
[  171634ms] [LOG]   Waiting for hero_watch-video cc-3 to load... @ https://www.bevel.health/zh:619
[  171651ms] [LOG]   hero_phone-video cc-3 playing @ https://www.bevel.health/zh:612
[  171651ms] [LOG]   hero_watch-video cc-3 playing @ https://www.bevel.health/zh:612
[  177494ms] [LOG]   hero_phone-video cc-3 finished (1/2) @ https://www.bevel.health/zh:598
[  177494ms] [LOG]   hero_watch-video cc-3 finished (2/2) @ https://www.bevel.health/zh:598
[  177494ms] [LOG] Playing pair 0: [hero_phone-video cc-1, hero_watch-video cc-1] @ https://www.bevel.health/zh:578
[  177494ms] [LOG]   Waiting for hero_phone-video cc-1 to load... @ https://www.bevel.health/zh:619
[  177495ms] [LOG]   Waiting for hero_watch-video cc-1 to load... @ https://www.bevel.health/zh:619
[  177516ms] [LOG]   hero_phone-video cc-1 playing @ https://www.bevel.health/zh:612
[  177517ms] [LOG]   hero_watch-video cc-1 playing @ https://www.bevel.health/zh:612
[  182821ms] [LOG]   hero_phone-video cc-1 finished (1/2) @ https://www.bevel.health/zh:598
[  183353ms] [LOG]   hero_watch-video cc-1 finished (2/2) @ https://www.bevel.health/zh:598
[  183353ms] [LOG] Playing pair 1: [hero_phone-video cc-2, hero_watch-video cc-2] @ https://www.bevel.health/zh:578
[  183353ms] [LOG]   Waiting for hero_phone-video cc-2 to load... @ https://www.bevel.health/zh:619
[  183353ms] [LOG]   Waiting for hero_watch-video cc-2 to load... @ https://www.bevel.health/zh:619
[  183379ms] [LOG]   hero_phone-video cc-2 playing @ https://www.bevel.health/zh:612
[  183379ms] [LOG]   hero_watch-video cc-2 playing @ https://www.bevel.health/zh:612
[  189213ms] [LOG]   hero_phone-video cc-2 finished (1/2) @ https://www.bevel.health/zh:598
[  189213ms] [LOG]   hero_watch-video cc-2 finished (2/2) @ https://www.bevel.health/zh:598
[  189213ms] [LOG] Playing pair 2: [hero_phone-video cc-3, hero_watch-video cc-3] @ https://www.bevel.health/zh:578
[  189213ms] [LOG]   Waiting for hero_phone-video cc-3 to load... @ https://www.bevel.health/zh:619
[  189213ms] [LOG]   Waiting for hero_watch-video cc-3 to load... @ https://www.bevel.health/zh:619
[  189229ms] [LOG]   hero_phone-video cc-3 playing @ https://www.bevel.health/zh:612
[  189229ms] [LOG]   hero_watch-video cc-3 playing @ https://www.bevel.health/zh:612
[  195075ms] [LOG]   hero_phone-video cc-3 finished (1/2) @ https://www.bevel.health/zh:598
[  195075ms] [LOG]   hero_watch-video cc-3 finished (2/2) @ https://www.bevel.health/zh:598
[  195075ms] [LOG] Playing pair 0: [hero_phone-video cc-1, hero_watch-video cc-1] @ https://www.bevel.health/zh:578
[  195075ms] [LOG]   Waiting for hero_phone-video cc-1 to load... @ https://www.bevel.health/zh:619
[  195075ms] [LOG]   Waiting for hero_watch-video cc-1 to load... @ https://www.bevel.health/zh:619
[  195091ms] [LOG]   hero_phone-video cc-1 playing @ https://www.bevel.health/zh:612
[  195092ms] [LOG]   hero_watch-video cc-1 playing @ https://www.bevel.health/zh:612
[  200403ms] [LOG]   hero_phone-video cc-1 finished (1/2) @ https://www.bevel.health/zh:598
[  200935ms] [LOG]   hero_watch-video cc-1 finished (2/2) @ https://www.bevel.health/zh:598
[  200935ms] [LOG] Playing pair 1: [hero_phone-video cc-2, hero_watch-video cc-2] @ https://www.bevel.health/zh:578
[  200935ms] [LOG]   Waiting for hero_phone-video cc-2 to load... @ https://www.bevel.health/zh:619
[  200936ms] [LOG]   Waiting for hero_watch-video cc-2 to load... @ https://www.bevel.health/zh:619
[  200968ms] [LOG]   hero_watch-video cc-2 playing @ https://www.bevel.health/zh:612
[  200968ms] [LOG]   hero_phone-video cc-2 playing @ https://www.bevel.health/zh:612
[  206811ms] [LOG]   hero_watch-video cc-2 finished (1/2) @ https://www.bevel.health/zh:598
[  206811ms] [LOG]   hero_phone-video cc-2 finished (2/2) @ https://www.bevel.health/zh:598
[  206811ms] [LOG] Playing pair 2: [hero_phone-video cc-3, hero_watch-video cc-3] @ https://www.bevel.health/zh:578
[  206812ms] [LOG]   Waiting for hero_phone-video cc-3 to load... @ https://www.bevel.health/zh:619
[  206812ms] [LOG]   Waiting for hero_watch-video cc-3 to load... @ https://www.bevel.health/zh:619
[  206831ms] [LOG]   hero_phone-video cc-3 playing @ https://www.bevel.health/zh:612
[  206832ms] [LOG]   hero_watch-video cc-3 playing @ https://www.bevel.health/zh:612
[  212670ms] [LOG]   hero_phone-video cc-3 finished (1/2) @ https://www.bevel.health/zh:598
[  212670ms] [LOG]   hero_watch-video cc-3 finished (2/2) @ https://www.bevel.health/zh:598
[  212670ms] [LOG] Playing pair 0: [hero_phone-video cc-1, hero_watch-video cc-1] @ https://www.bevel.health/zh:578
[  212670ms] [LOG]   Waiting for hero_phone-video cc-1 to load... @ https://www.bevel.health/zh:619
[  212671ms] [LOG]   Waiting for hero_watch-video cc-1 to load... @ https://www.bevel.health/zh:619
[  212693ms] [LOG]   hero_phone-video cc-1 playing @ https://www.bevel.health/zh:612
[  212693ms] [LOG]   hero_watch-video cc-1 playing @ https://www.bevel.health/zh:612
[  218000ms] [LOG]   hero_phone-video cc-1 finished (1/2) @ https://www.bevel.health/zh:598
[  218531ms] [LOG]   hero_watch-video cc-1 finished (2/2) @ https://www.bevel.health/zh:598
[  218531ms] [LOG] Playing pair 1: [hero_phone-video cc-2, hero_watch-video cc-2] @ https://www.bevel.health/zh:578
[  218531ms] [LOG]   Waiting for hero_phone-video cc-2 to load... @ https://www.bevel.health/zh:619
[  218532ms] [LOG]   Waiting for hero_watch-video cc-2 to load... @ https://www.bevel.health/zh:619
[  218564ms] [LOG]   hero_phone-video cc-2 playing @ https://www.bevel.health/zh:612
[  218564ms] [LOG]   hero_watch-video cc-2 playing @ https://www.bevel.health/zh:612
[  224406ms] [LOG]   hero_phone-video cc-2 finished (1/2) @ https://www.bevel.health/zh:598
[  224406ms] [LOG]   hero_watch-video cc-2 finished (2/2) @ https://www.bevel.health/zh:598
[  224406ms] [LOG] Playing pair 2: [hero_phone-video cc-3, hero_watch-video cc-3] @ https://www.bevel.health/zh:578
[  224406ms] [LOG]   Waiting for hero_phone-video cc-3 to load... @ https://www.bevel.health/zh:619
[  224406ms] [LOG]   Waiting for hero_watch-video cc-3 to load... @ https://www.bevel.health/zh:619
[  224425ms] [LOG]   hero_phone-video cc-3 playing @ https://www.bevel.health/zh:612
[  224426ms] [LOG]   hero_watch-video cc-3 playing @ https://www.bevel.health/zh:612
[  230266ms] [LOG]   hero_phone-video cc-3 finished (1/2) @ https://www.bevel.health/zh:598
[  230266ms] [LOG]   hero_watch-video cc-3 finished (2/2) @ https://www.bevel.health/zh:598
[  230266ms] [LOG] Playing pair 0: [hero_phone-video cc-1, hero_watch-video cc-1] @ https://www.bevel.health/zh:578
[  230267ms] [LOG]   Waiting for hero_phone-video cc-1 to load... @ https://www.bevel.health/zh:619
[  230267ms] [LOG]   Waiting for hero_watch-video cc-1 to load... @ https://www.bevel.health/zh:619
[  230291ms] [LOG]   hero_phone-video cc-1 playing @ https://www.bevel.health/zh:612
[  230293ms] [LOG]   hero_watch-video cc-1 playing @ https://www.bevel.health/zh:612
[  235594ms] [LOG]   hero_phone-video cc-1 finished (1/2) @ https://www.bevel.health/zh:598
[  236125ms] [LOG]   hero_watch-video cc-1 finished (2/2) @ https://www.bevel.health/zh:598
[  236125ms] [LOG] Playing pair 1: [hero_phone-video cc-2, hero_watch-video cc-2] @ https://www.bevel.health/zh:578
[  236125ms] [LOG]   Waiting for hero_phone-video cc-2 to load... @ https://www.bevel.health/zh:619
[  236125ms] [LOG]   Waiting for hero_watch-video cc-2 to load... @ https://www.bevel.health/zh:619
[  236147ms] [LOG]   hero_watch-video cc-2 playing @ https://www.bevel.health/zh:612
[  236147ms] [LOG]   hero_phone-video cc-2 playing @ https://www.bevel.health/zh:612
[  241985ms] [LOG]   hero_watch-video cc-2 finished (1/2) @ https://www.bevel.health/zh:598
[  241985ms] [LOG]   hero_phone-video cc-2 finished (2/2) @ https://www.bevel.health/zh:598
[  241985ms] [LOG] Playing pair 2: [hero_phone-video cc-3, hero_watch-video cc-3] @ https://www.bevel.health/zh:578
[  241985ms] [LOG]   Waiting for hero_phone-video cc-3 to load... @ https://www.bevel.health/zh:619
[  241986ms] [LOG]   Waiting for hero_watch-video cc-3 to load... @ https://www.bevel.health/zh:619
[  242032ms] [LOG]   hero_phone-video cc-3 playing @ https://www.bevel.health/zh:612
[  242032ms] [LOG]   hero_watch-video cc-3 playing @ https://www.bevel.health/zh:612
[  247876ms] [LOG]   hero_phone-video cc-3 finished (1/2) @ https://www.bevel.health/zh:598
[  247876ms] [LOG]   hero_watch-video cc-3 finished (2/2) @ https://www.bevel.health/zh:598
[  247876ms] [LOG] Playing pair 0: [hero_phone-video cc-1, hero_watch-video cc-1] @ https://www.bevel.health/zh:578
[  247876ms] [LOG]   Waiting for hero_phone-video cc-1 to load... @ https://www.bevel.health/zh:619
[  247877ms] [LOG]   Waiting for hero_watch-video cc-1 to load... @ https://www.bevel.health/zh:619
[  247899ms] [LOG]   hero_phone-video cc-1 playing @ https://www.bevel.health/zh:612
[  247899ms] [LOG]   hero_watch-video cc-1 playing @ https://www.bevel.health/zh:612
[  253202ms] [LOG]   hero_phone-video cc-1 finished (1/2) @ https://www.bevel.health/zh:598
[  253734ms] [LOG]   hero_watch-video cc-1 finished (2/2) @ https://www.bevel.health/zh:598
[  253735ms] [LOG] Playing pair 1: [hero_phone-video cc-2, hero_watch-video cc-2] @ https://www.bevel.health/zh:578
[  253735ms] [LOG]   Waiting for hero_phone-video cc-2 to load... @ https://www.bevel.health/zh:619
[  253736ms] [LOG]   Waiting for hero_watch-video cc-2 to load... @ https://www.bevel.health/zh:619
[  253761ms] [LOG]   hero_watch-video cc-2 playing @ https://www.bevel.health/zh:612
[  253761ms] [LOG]   hero_phone-video cc-2 playing @ https://www.bevel.health/zh:612
[  259595ms] [LOG]   hero_watch-video cc-2 finished (1/2) @ https://www.bevel.health/zh:598
[  259595ms] [LOG]   hero_phone-video cc-2 finished (2/2) @ https://www.bevel.health/zh:598
[  259595ms] [LOG] Playing pair 2: [hero_phone-video cc-3, hero_watch-video cc-3] @ https://www.bevel.health/zh:578
[  259595ms] [LOG]   Waiting for hero_phone-video cc-3 to load... @ https://www.bevel.health/zh:619
[  259595ms] [LOG]   Waiting for hero_watch-video cc-3 to load... @ https://www.bevel.health/zh:619
[  259617ms] [LOG]   hero_phone-video cc-3 playing @ https://www.bevel.health/zh:612
[  259617ms] [LOG]   hero_watch-video cc-3 playing @ https://www.bevel.health/zh:612
[  265453ms] [LOG]   hero_phone-video cc-3 finished (1/2) @ https://www.bevel.health/zh:598
[  265454ms] [LOG]   hero_watch-video cc-3 finished (2/2) @ https://www.bevel.health/zh:598
[  265454ms] [LOG] Playing pair 0: [hero_phone-video cc-1, hero_watch-video cc-1] @ https://www.bevel.health/zh:578
[  265454ms] [LOG]   Waiting for hero_phone-video cc-1 to load... @ https://www.bevel.health/zh:619
[  265454ms] [LOG]   Waiting for hero_watch-video cc-1 to load... @ https://www.bevel.health/zh:619
[  265476ms] [LOG]   hero_phone-video cc-1 playing @ https://www.bevel.health/zh:612
[  265476ms] [LOG]   hero_watch-video cc-1 playing @ https://www.bevel.health/zh:612
[  270782ms] [LOG]   hero_phone-video cc-1 finished (1/2) @ https://www.bevel.health/zh:598
[  271314ms] [LOG]   hero_watch-video cc-1 finished (2/2) @ https://www.bevel.health/zh:598
[  271314ms] [LOG] Playing pair 1: [hero_phone-video cc-2, hero_watch-video cc-2] @ https://www.bevel.health/zh:578
[  271314ms] [LOG]   Waiting for hero_phone-video cc-2 to load... @ https://www.bevel.health/zh:619
[  271314ms] [LOG]   Waiting for hero_watch-video cc-2 to load... @ https://www.bevel.health/zh:619
[  271337ms] [LOG]   hero_watch-video cc-2 playing @ https://www.bevel.health/zh:612
[  271338ms] [LOG]   hero_phone-video cc-2 playing @ https://www.bevel.health/zh:612
[  277172ms] [LOG]   hero_watch-video cc-2 finished (1/2) @ https://www.bevel.health/zh:598
[  277173ms] [LOG]   hero_phone-video cc-2 finished (2/2) @ https://www.bevel.health/zh:598
[  277173ms] [LOG] Playing pair 2: [hero_phone-video cc-3, hero_watch-video cc-3] @ https://www.bevel.health/zh:578
[  277173ms] [LOG]   Waiting for hero_phone-video cc-3 to load... @ https://www.bevel.health/zh:619
[  277173ms] [LOG]   Waiting for hero_watch-video cc-3 to load... @ https://www.bevel.health/zh:619
[  277196ms] [LOG]   hero_phone-video cc-3 playing @ https://www.bevel.health/zh:612
[  277197ms] [LOG]   hero_watch-video cc-3 playing @ https://www.bevel.health/zh:612
[  283032ms] [LOG]   hero_phone-video cc-3 finished (1/2) @ https://www.bevel.health/zh:598
[  283032ms] [LOG]   hero_watch-video cc-3 finished (2/2) @ https://www.bevel.health/zh:598
[  283033ms] [LOG] Playing pair 0: [hero_phone-video cc-1, hero_watch-video cc-1] @ https://www.bevel.health/zh:578
[  283033ms] [LOG]   Waiting for hero_phone-video cc-1 to load... @ https://www.bevel.health/zh:619
[  283033ms] [LOG]   Waiting for hero_watch-video cc-1 to load... @ https://www.bevel.health/zh:619
[  283056ms] [LOG]   hero_phone-video cc-1 playing @ https://www.bevel.health/zh:612
[  283058ms] [LOG]   hero_watch-video cc-1 playing @ https://www.bevel.health/zh:612
[  288361ms] [LOG]   hero_phone-video cc-1 finished (1/2) @ https://www.bevel.health/zh:598
[  288892ms] [LOG]   hero_watch-video cc-1 finished (2/2) @ https://www.bevel.health/zh:598
[  288892ms] [LOG] Playing pair 1: [hero_phone-video cc-2, hero_watch-video cc-2] @ https://www.bevel.health/zh:578
[  288892ms] [LOG]   Waiting for hero_phone-video cc-2 to load... @ https://www.bevel.health/zh:619
[  288893ms] [LOG]   Waiting for hero_watch-video cc-2 to load... @ https://www.bevel.health/zh:619
[  288916ms] [LOG]   hero_phone-video cc-2 playing @ https://www.bevel.health/zh:612
[  288917ms] [LOG]   hero_watch-video cc-2 playing @ https://www.bevel.health/zh:612
[  294751ms] [LOG]   hero_phone-video cc-2 finished (1/2) @ https://www.bevel.health/zh:598
[  294752ms] [LOG]   hero_watch-video cc-2 finished (2/2) @ https://www.bevel.health/zh:598
[  294752ms] [LOG] Playing pair 2: [hero_phone-video cc-3, hero_watch-video cc-3] @ https://www.bevel.health/zh:578
[  294752ms] [LOG]   Waiting for hero_phone-video cc-3 to load... @ https://www.bevel.health/zh:619
[  294752ms] [LOG]   Waiting for hero_watch-video cc-3 to load... @ https://www.bevel.health/zh:619
[  294777ms] [LOG]   hero_phone-video cc-3 playing @ https://www.bevel.health/zh:612
[  294778ms] [LOG]   hero_watch-video cc-3 playing @ https://www.bevel.health/zh:612
[  300611ms] [LOG]   hero_phone-video cc-3 finished (1/2) @ https://www.bevel.health/zh:598
[  300611ms] [LOG]   hero_watch-video cc-3 finished (2/2) @ https://www.bevel.health/zh:598
[  300611ms] [LOG] Playing pair 0: [hero_phone-video cc-1, hero_watch-video cc-1] @ https://www.bevel.health/zh:578
[  300611ms] [LOG]   Waiting for hero_phone-video cc-1 to load... @ https://www.bevel.health/zh:619
[  300612ms] [LOG]   Waiting for hero_watch-video cc-1 to load... @ https://www.bevel.health/zh:619
[  300635ms] [LOG]   hero_phone-video cc-1 playing @ https://www.bevel.health/zh:612
[  300635ms] [LOG]   hero_watch-video cc-1 playing @ https://www.bevel.health/zh:612
[  305938ms] [LOG]   hero_phone-video cc-1 finished (1/2) @ https://www.bevel.health/zh:598
[  306469ms] [LOG]   hero_watch-video cc-1 finished (2/2) @ https://www.bevel.health/zh:598
[  306470ms] [LOG] Playing pair 1: [hero_phone-video cc-2, hero_watch-video cc-2] @ https://www.bevel.health/zh:578
[  306470ms] [LOG]   Waiting for hero_phone-video cc-2 to load... @ https://www.bevel.health/zh:619
[  306470ms] [LOG]   Waiting for hero_watch-video cc-2 to load... @ https://www.bevel.health/zh:619
[  306496ms] [LOG]   hero_watch-video cc-2 playing @ https://www.bevel.health/zh:612
[  306496ms] [LOG]   hero_phone-video cc-2 playing @ https://www.bevel.health/zh:612
[  312330ms] [LOG]   hero_watch-video cc-2 finished (1/2) @ https://www.bevel.health/zh:598
[  312330ms] [LOG]   hero_phone-video cc-2 finished (2/2) @ https://www.bevel.health/zh:598
[  312330ms] [LOG] Playing pair 2: [hero_phone-video cc-3, hero_watch-video cc-3] @ https://www.bevel.health/zh:578
[  312330ms] [LOG]   Waiting for hero_phone-video cc-3 to load... @ https://www.bevel.health/zh:619
[  312330ms] [LOG]   Waiting for hero_watch-video cc-3 to load... @ https://www.bevel.health/zh:619
[  312346ms] [LOG]   hero_phone-video cc-3 playing @ https://www.bevel.health/zh:612
[  312346ms] [LOG]   hero_watch-video cc-3 playing @ https://www.bevel.health/zh:612
[  318189ms] [LOG]   hero_phone-video cc-3 finished (1/2) @ https://www.bevel.health/zh:598
[  318189ms] [LOG]   hero_watch-video cc-3 finished (2/2) @ https://www.bevel.health/zh:598
[  318189ms] [LOG] Playing pair 0: [hero_phone-video cc-1, hero_watch-video cc-1] @ https://www.bevel.health/zh:578
[  318189ms] [LOG]   Waiting for hero_phone-video cc-1 to load... @ https://www.bevel.health/zh:619
[  318189ms] [LOG]   Waiting for hero_watch-video cc-1 to load... @ https://www.bevel.health/zh:619
[  318211ms] [LOG]   hero_phone-video cc-1 playing @ https://www.bevel.health/zh:612
[  318211ms] [LOG]   hero_watch-video cc-1 playing @ https://www.bevel.health/zh:612
[  323517ms] [LOG]   hero_phone-video cc-1 finished (1/2) @ https://www.bevel.health/zh:598
[  324049ms] [LOG]   hero_watch-video cc-1 finished (2/2) @ https://www.bevel.health/zh:598
[  324049ms] [LOG] Playing pair 1: [hero_phone-video cc-2, hero_watch-video cc-2] @ https://www.bevel.health/zh:578
[  324050ms] [LOG]   Waiting for hero_phone-video cc-2 to load... @ https://www.bevel.health/zh:619
[  324050ms] [LOG]   Waiting for hero_watch-video cc-2 to load... @ https://www.bevel.health/zh:619
[  324079ms] [LOG]   hero_watch-video cc-2 playing @ https://www.bevel.health/zh:612
[  324079ms] [LOG]   hero_phone-video cc-2 playing @ https://www.bevel.health/zh:612
[  329923ms] [LOG]   hero_watch-video cc-2 finished (1/2) @ https://www.bevel.health/zh:598
[  329923ms] [LOG]   hero_phone-video cc-2 finished (2/2) @ https://www.bevel.health/zh:598
[  329923ms] [LOG] Playing pair 2: [hero_phone-video cc-3, hero_watch-video cc-3] @ https://www.bevel.health/zh:578
[  329923ms] [LOG]   Waiting for hero_phone-video cc-3 to load... @ https://www.bevel.health/zh:619
[  329924ms] [LOG]   Waiting for hero_watch-video cc-3 to load... @ https://www.bevel.health/zh:619
[  329943ms] [LOG]   hero_phone-video cc-3 playing @ https://www.bevel.health/zh:612
[  329943ms] [LOG]   hero_watch-video cc-3 playing @ https://www.bevel.health/zh:612
[  335783ms] [LOG]   hero_phone-video cc-3 finished (1/2) @ https://www.bevel.health/zh:598
[  335783ms] [LOG]   hero_watch-video cc-3 finished (2/2) @ https://www.bevel.health/zh:598
[  335783ms] [LOG] Playing pair 0: [hero_phone-video cc-1, hero_watch-video cc-1] @ https://www.bevel.health/zh:578
[  335783ms] [LOG]   Waiting for hero_phone-video cc-1 to load... @ https://www.bevel.health/zh:619
[  335783ms] [LOG]   Waiting for hero_watch-video cc-1 to load... @ https://www.bevel.health/zh:619
[  335805ms] [LOG]   hero_phone-video cc-1 playing @ https://www.bevel.health/zh:612
[  335807ms] [LOG]   hero_watch-video cc-1 playing @ https://www.bevel.health/zh:612
[  341111ms] [LOG]   hero_phone-video cc-1 finished (1/2) @ https://www.bevel.health/zh:598
[  341642ms] [LOG]   hero_watch-video cc-1 finished (2/2) @ https://www.bevel.health/zh:598
[  341642ms] [LOG] Playing pair 1: [hero_phone-video cc-2, hero_watch-video cc-2] @ https://www.bevel.health/zh:578
[  341642ms] [LOG]   Waiting for hero_phone-video cc-2 to load... @ https://www.bevel.health/zh:619
[  341643ms] [LOG]   Waiting for hero_watch-video cc-2 to load... @ https://www.bevel.health/zh:619
[  341665ms] [LOG]   hero_watch-video cc-2 playing @ https://www.bevel.health/zh:612
[  341666ms] [LOG]   hero_phone-video cc-2 playing @ https://www.bevel.health/zh:612
[  347502ms] [LOG]   hero_watch-video cc-2 finished (1/2) @ https://www.bevel.health/zh:598
[  347502ms] [LOG]   hero_phone-video cc-2 finished (2/2) @ https://www.bevel.health/zh:598
[  347502ms] [LOG] Playing pair 2: [hero_phone-video cc-3, hero_watch-video cc-3] @ https://www.bevel.health/zh:578
[  347502ms] [LOG]   Waiting for hero_phone-video cc-3 to load... @ https://www.bevel.health/zh:619
[  347502ms] [LOG]   Waiting for hero_watch-video cc-3 to load... @ https://www.bevel.health/zh:619
[  347524ms] [LOG]   hero_phone-video cc-3 playing @ https://www.bevel.health/zh:612
[  347526ms] [LOG]   hero_watch-video cc-3 playing @ https://www.bevel.health/zh:612
[  353361ms] [LOG]   hero_phone-video cc-3 finished (1/2) @ https://www.bevel.health/zh:598
[  353361ms] [LOG]   hero_watch-video cc-3 finished (2/2) @ https://www.bevel.health/zh:598
[  353362ms] [LOG] Playing pair 0: [hero_phone-video cc-1, hero_watch-video cc-1] @ https://www.bevel.health/zh:578
[  353362ms] [LOG]   Waiting for hero_phone-video cc-1 to load... @ https://www.bevel.health/zh:619
[  353362ms] [LOG]   Waiting for hero_watch-video cc-1 to load... @ https://www.bevel.health/zh:619
[  353384ms] [LOG]   hero_watch-video cc-1 playing @ https://www.bevel.health/zh:612
[  353384ms] [LOG]   hero_phone-video cc-1 playing @ https://www.bevel.health/zh:612
[  358688ms] [LOG]   hero_phone-video cc-1 finished (1/2) @ https://www.bevel.health/zh:598
[  359221ms] [LOG]   hero_watch-video cc-1 finished (2/2) @ https://www.bevel.health/zh:598
[  359221ms] [LOG] Playing pair 1: [hero_phone-video cc-2, hero_watch-video cc-2] @ https://www.bevel.health/zh:578
[  359221ms] [LOG]   Waiting for hero_phone-video cc-2 to load... @ https://www.bevel.health/zh:619
[  359222ms] [LOG]   Waiting for hero_watch-video cc-2 to load... @ https://www.bevel.health/zh:619
[  359246ms] [LOG]   hero_watch-video cc-2 playing @ https://www.bevel.health/zh:612
[  359250ms] [LOG]   hero_phone-video cc-2 playing @ https://www.bevel.health/zh:612
[  365080ms] [LOG]   hero_watch-video cc-2 finished (1/2) @ https://www.bevel.health/zh:598
[  365081ms] [LOG]   hero_phone-video cc-2 finished (2/2) @ https://www.bevel.health/zh:598
[  365081ms] [LOG] Playing pair 2: [hero_phone-video cc-3, hero_watch-video cc-3] @ https://www.bevel.health/zh:578
[  365081ms] [LOG]   Waiting for hero_phone-video cc-3 to load... @ https://www.bevel.health/zh:619
[  365082ms] [LOG]   Waiting for hero_watch-video cc-3 to load... @ https://www.bevel.health/zh:619
[  365106ms] [LOG]   hero_phone-video cc-3 playing @ https://www.bevel.health/zh:612
[  365109ms] [LOG]   hero_watch-video cc-3 playing @ https://www.bevel.health/zh:612
[  370939ms] [LOG]   hero_phone-video cc-3 finished (1/2) @ https://www.bevel.health/zh:598
[  370939ms] [LOG]   hero_watch-video cc-3 finished (2/2) @ https://www.bevel.health/zh:598
[  370939ms] [LOG] Playing pair 0: [hero_phone-video cc-1, hero_watch-video cc-1] @ https://www.bevel.health/zh:578
[  370939ms] [LOG]   Waiting for hero_phone-video cc-1 to load... @ https://www.bevel.health/zh:619
[  370939ms] [LOG]   Waiting for hero_watch-video cc-1 to load... @ https://www.bevel.health/zh:619
[  370955ms] [LOG]   hero_phone-video cc-1 playing @ https://www.bevel.health/zh:612
[  370955ms] [LOG]   hero_watch-video cc-1 playing @ https://www.bevel.health/zh:612
[  376267ms] [LOG]   hero_phone-video cc-1 finished (1/2) @ https://www.bevel.health/zh:598
[  376799ms] [LOG]   hero_watch-video cc-1 finished (2/2) @ https://www.bevel.health/zh:598
[  376799ms] [LOG] Playing pair 1: [hero_phone-video cc-2, hero_watch-video cc-2] @ https://www.bevel.health/zh:578
[  376799ms] [LOG]   Waiting for hero_phone-video cc-2 to load... @ https://www.bevel.health/zh:619
[  376799ms] [LOG]   Waiting for hero_watch-video cc-2 to load... @ https://www.bevel.health/zh:619
[  376813ms] [LOG]   hero_watch-video cc-2 playing @ https://www.bevel.health/zh:612
[  376814ms] [LOG]   hero_phone-video cc-2 playing @ https://www.bevel.health/zh:612
[  382643ms] [LOG]   hero_watch-video cc-2 finished (1/2) @ https://www.bevel.health/zh:598
[  382658ms] [LOG]   hero_phone-video cc-2 finished (2/2) @ https://www.bevel.health/zh:598
[  382658ms] [LOG] Playing pair 2: [hero_phone-video cc-3, hero_watch-video cc-3] @ https://www.bevel.health/zh:578
[  382658ms] [LOG]   Waiting for hero_phone-video cc-3 to load... @ https://www.bevel.health/zh:619
[  382659ms] [LOG]   Waiting for hero_watch-video cc-3 to load... @ https://www.bevel.health/zh:619
[  382677ms] [LOG]   hero_phone-video cc-3 playing @ https://www.bevel.health/zh:612
[  382677ms] [LOG]   hero_watch-video cc-3 playing @ https://www.bevel.health/zh:612
[  388518ms] [LOG]   hero_phone-video cc-3 finished (1/2) @ https://www.bevel.health/zh:598
[  388518ms] [LOG]   hero_watch-video cc-3 finished (2/2) @ https://www.bevel.health/zh:598
[  388518ms] [LOG] Playing pair 0: [hero_phone-video cc-1, hero_watch-video cc-1] @ https://www.bevel.health/zh:578
[  388519ms] [LOG]   Waiting for hero_phone-video cc-1 to load... @ https://www.bevel.health/zh:619
[  388519ms] [LOG]   Waiting for hero_watch-video cc-1 to load... @ https://www.bevel.health/zh:619
[  388547ms] [LOG]   hero_phone-video cc-1 playing @ https://www.bevel.health/zh:612
[  388548ms] [LOG]   hero_watch-video cc-1 playing @ https://www.bevel.health/zh:612
[  393847ms] [LOG]   hero_phone-video cc-1 finished (1/2) @ https://www.bevel.health/zh:598
[  394378ms] [LOG]   hero_watch-video cc-1 finished (2/2) @ https://www.bevel.health/zh:598
[  394378ms] [LOG] Playing pair 1: [hero_phone-video cc-2, hero_watch-video cc-2] @ https://www.bevel.health/zh:578
[  394378ms] [LOG]   Waiting for hero_phone-video cc-2 to load... @ https://www.bevel.health/zh:619
[  394378ms] [LOG]   Waiting for hero_watch-video cc-2 to load... @ https://www.bevel.health/zh:619
[  394394ms] [LOG]   hero_watch-video cc-2 playing @ https://www.bevel.health/zh:612
[  394394ms] [LOG]   hero_phone-video cc-2 playing @ https://www.bevel.health/zh:612
[  400238ms] [LOG]   hero_watch-video cc-2 finished (1/2) @ https://www.bevel.health/zh:598
[  400238ms] [LOG]   hero_phone-video cc-2 finished (2/2) @ https://www.bevel.health/zh:598
[  400238ms] [LOG] Playing pair 2: [hero_phone-video cc-3, hero_watch-video cc-3] @ https://www.bevel.health/zh:578
[  400238ms] [LOG]   Waiting for hero_phone-video cc-3 to load... @ https://www.bevel.health/zh:619
[  400239ms] [LOG]   Waiting for hero_watch-video cc-3 to load... @ https://www.bevel.health/zh:619
[  400262ms] [LOG]   hero_phone-video cc-3 playing @ https://www.bevel.health/zh:612
[  400263ms] [LOG]   hero_watch-video cc-3 playing @ https://www.bevel.health/zh:612
[  406097ms] [LOG]   hero_phone-video cc-3 finished (1/2) @ https://www.bevel.health/zh:598
[  406097ms] [LOG]   hero_watch-video cc-3 finished (2/2) @ https://www.bevel.health/zh:598
[  406097ms] [LOG] Playing pair 0: [hero_phone-video cc-1, hero_watch-video cc-1] @ https://www.bevel.health/zh:578
[  406097ms] [LOG]   Waiting for hero_phone-video cc-1 to load... @ https://www.bevel.health/zh:619
[  406098ms] [LOG]   Waiting for hero_watch-video cc-1 to load... @ https://www.bevel.health/zh:619
[  406119ms] [LOG]   hero_phone-video cc-1 playing @ https://www.bevel.health/zh:612
[  406122ms] [LOG]   hero_watch-video cc-1 playing @ https://www.bevel.health/zh:612
[  411425ms] [LOG]   hero_phone-video cc-1 finished (1/2) @ https://www.bevel.health/zh:598
[  411955ms] [LOG]   hero_watch-video cc-1 finished (2/2) @ https://www.bevel.health/zh:598
[  411955ms] [LOG] Playing pair 1: [hero_phone-video cc-2, hero_watch-video cc-2] @ https://www.bevel.health/zh:578
[  411955ms] [LOG]   Waiting for hero_phone-video cc-2 to load... @ https://www.bevel.health/zh:619
[  411956ms] [LOG]   Waiting for hero_watch-video cc-2 to load... @ https://www.bevel.health/zh:619
[  411980ms] [LOG]   hero_watch-video cc-2 playing @ https://www.bevel.health/zh:612
[  411980ms] [LOG]   hero_phone-video cc-2 playing @ https://www.bevel.health/zh:612
[  417816ms] [LOG]   hero_watch-video cc-2 finished (1/2) @ https://www.bevel.health/zh:598
[  417816ms] [LOG]   hero_phone-video cc-2 finished (2/2) @ https://www.bevel.health/zh:598
[  417816ms] [LOG] Playing pair 2: [hero_phone-video cc-3, hero_watch-video cc-3] @ https://www.bevel.health/zh:578
[  417817ms] [LOG]   Waiting for hero_phone-video cc-3 to load... @ https://www.bevel.health/zh:619
[  417817ms] [LOG]   Waiting for hero_watch-video cc-3 to load... @ https://www.bevel.health/zh:619
[  417840ms] [LOG]   hero_phone-video cc-3 playing @ https://www.bevel.health/zh:612
[  417840ms] [LOG]   hero_watch-video cc-3 playing @ https://www.bevel.health/zh:612
[  423674ms] [LOG]   hero_phone-video cc-3 finished (1/2) @ https://www.bevel.health/zh:598
[  423674ms] [LOG]   hero_watch-video cc-3 finished (2/2) @ https://www.bevel.health/zh:598
[  423674ms] [LOG] Playing pair 0: [hero_phone-video cc-1, hero_watch-video cc-1] @ https://www.bevel.health/zh:578
[  423674ms] [LOG]   Waiting for hero_phone-video cc-1 to load... @ https://www.bevel.health/zh:619
[  423674ms] [LOG]   Waiting for hero_watch-video cc-1 to load... @ https://www.bevel.health/zh:619
[  423697ms] [LOG]   hero_phone-video cc-1 playing @ https://www.bevel.health/zh:612
[  423698ms] [LOG]   hero_watch-video cc-1 playing @ https://www.bevel.health/zh:612
[  429002ms] [LOG]   hero_phone-video cc-1 finished (1/2) @ https://www.bevel.health/zh:598
[  429536ms] [LOG]   hero_watch-video cc-1 finished (2/2) @ https://www.bevel.health/zh:598
[  429536ms] [LOG] Playing pair 1: [hero_phone-video cc-2, hero_watch-video cc-2] @ https://www.bevel.health/zh:578
[  429536ms] [LOG]   Waiting for hero_phone-video cc-2 to load... @ https://www.bevel.health/zh:619
[  429536ms] [LOG]   Waiting for hero_watch-video cc-2 to load... @ https://www.bevel.health/zh:619
[  429561ms] [LOG]   hero_watch-video cc-2 playing @ https://www.bevel.health/zh:612
[  429562ms] [LOG]   hero_phone-video cc-2 playing @ https://www.bevel.health/zh:612
[  435393ms] [LOG]   hero_watch-video cc-2 finished (1/2) @ https://www.bevel.health/zh:598
[  435393ms] [LOG]   hero_phone-video cc-2 finished (2/2) @ https://www.bevel.health/zh:598
[  435394ms] [LOG] Playing pair 2: [hero_phone-video cc-3, hero_watch-video cc-3] @ https://www.bevel.health/zh:578
[  435394ms] [LOG]   Waiting for hero_phone-video cc-3 to load... @ https://www.bevel.health/zh:619
[  435394ms] [LOG]   Waiting for hero_watch-video cc-3 to load... @ https://www.bevel.health/zh:619
[  435416ms] [LOG]   hero_phone-video cc-3 playing @ https://www.bevel.health/zh:612
[  435416ms] [LOG]   hero_watch-video cc-3 playing @ https://www.bevel.health/zh:612
[  441255ms] [LOG]   hero_phone-video cc-3 finished (1/2) @ https://www.bevel.health/zh:598
[  441255ms] [LOG]   hero_watch-video cc-3 finished (2/2) @ https://www.bevel.health/zh:598
[  441255ms] [LOG] Playing pair 0: [hero_phone-video cc-1, hero_watch-video cc-1] @ https://www.bevel.health/zh:578
[  441255ms] [LOG]   Waiting for hero_phone-video cc-1 to load... @ https://www.bevel.health/zh:619
[  441255ms] [LOG]   Waiting for hero_watch-video cc-1 to load... @ https://www.bevel.health/zh:619
[  441275ms] [LOG]   hero_phone-video cc-1 playing @ https://www.bevel.health/zh:612
[  441276ms] [LOG]   hero_watch-video cc-1 playing @ https://www.bevel.health/zh:612
[  446583ms] [LOG]   hero_phone-video cc-1 finished (1/2) @ https://www.bevel.health/zh:598
[  447113ms] [LOG]   hero_watch-video cc-1 finished (2/2) @ https://www.bevel.health/zh:598
[  447113ms] [LOG] Playing pair 1: [hero_phone-video cc-2, hero_watch-video cc-2] @ https://www.bevel.health/zh:578
[  447114ms] [LOG]   Waiting for hero_phone-video cc-2 to load... @ https://www.bevel.health/zh:619
[  447114ms] [LOG]   Waiting for hero_watch-video cc-2 to load... @ https://www.bevel.health/zh:619
[  447140ms] [LOG]   hero_watch-video cc-2 playing @ https://www.bevel.health/zh:612
[  447141ms] [LOG]   hero_phone-video cc-2 playing @ https://www.bevel.health/zh:612
[  452972ms] [LOG]   hero_watch-video cc-2 finished (1/2) @ https://www.bevel.health/zh:598
[  452972ms] [LOG]   hero_phone-video cc-2 finished (2/2) @ https://www.bevel.health/zh:598
[  452972ms] [LOG] Playing pair 2: [hero_phone-video cc-3, hero_watch-video cc-3] @ https://www.bevel.health/zh:578
[  452972ms] [LOG]   Waiting for hero_phone-video cc-3 to load... @ https://www.bevel.health/zh:619
[  452973ms] [LOG]   Waiting for hero_watch-video cc-3 to load... @ https://www.bevel.health/zh:619
[  452994ms] [LOG]   hero_phone-video cc-3 playing @ https://www.bevel.health/zh:612
[  452994ms] [LOG]   hero_watch-video cc-3 playing @ https://www.bevel.health/zh:612
[  458832ms] [LOG]   hero_phone-video cc-3 finished (1/2) @ https://www.bevel.health/zh:598
[  458832ms] [LOG]   hero_watch-video cc-3 finished (2/2) @ https://www.bevel.health/zh:598
[  458832ms] [LOG] Playing pair 0: [hero_phone-video cc-1, hero_watch-video cc-1] @ https://www.bevel.health/zh:578
[  458833ms] [LOG]   Waiting for hero_phone-video cc-1 to load... @ https://www.bevel.health/zh:619
[  458833ms] [LOG]   Waiting for hero_watch-video cc-1 to load... @ https://www.bevel.health/zh:619
[  458857ms] [LOG]   hero_phone-video cc-1 playing @ https://www.bevel.health/zh:612
[  458857ms] [LOG]   hero_watch-video cc-1 playing @ https://www.bevel.health/zh:612
[  464159ms] [LOG]   hero_phone-video cc-1 finished (1/2) @ https://www.bevel.health/zh:598
[  464690ms] [LOG]   hero_watch-video cc-1 finished (2/2) @ https://www.bevel.health/zh:598
[  464690ms] [LOG] Playing pair 1: [hero_phone-video cc-2, hero_watch-video cc-2] @ https://www.bevel.health/zh:578
[  464690ms] [LOG]   Waiting for hero_phone-video cc-2 to load... @ https://www.bevel.health/zh:619
[  464690ms] [LOG]   Waiting for hero_watch-video cc-2 to load... @ https://www.bevel.health/zh:619
[  464707ms] [LOG]   hero_watch-video cc-2 playing @ https://www.bevel.health/zh:612
[  464707ms] [LOG]   hero_phone-video cc-2 playing @ https://www.bevel.health/zh:612
[  470552ms] [LOG]   hero_watch-video cc-2 finished (1/2) @ https://www.bevel.health/zh:598
[  470552ms] [LOG]   hero_phone-video cc-2 finished (2/2) @ https://www.bevel.health/zh:598
[  470552ms] [LOG] Playing pair 2: [hero_phone-video cc-3, hero_watch-video cc-3] @ https://www.bevel.health/zh:578
[  470553ms] [LOG]   Waiting for hero_phone-video cc-3 to load... @ https://www.bevel.health/zh:619
[  470553ms] [LOG]   Waiting for hero_watch-video cc-3 to load... @ https://www.bevel.health/zh:619
[  470579ms] [LOG]   hero_phone-video cc-3 playing @ https://www.bevel.health/zh:612
[  470581ms] [LOG]   hero_watch-video cc-3 playing @ https://www.bevel.health/zh:612
[  476409ms] [LOG]   hero_phone-video cc-3 finished (1/2) @ https://www.bevel.health/zh:598
[  476425ms] [LOG]   hero_watch-video cc-3 finished (2/2) @ https://www.bevel.health/zh:598
[  476425ms] [LOG] Playing pair 0: [hero_phone-video cc-1, hero_watch-video cc-1] @ https://www.bevel.health/zh:578
[  476425ms] [LOG]   Waiting for hero_phone-video cc-1 to load... @ https://www.bevel.health/zh:619
[  476425ms] [LOG]   Waiting for hero_watch-video cc-1 to load... @ https://www.bevel.health/zh:619
[  476447ms] [LOG]   hero_phone-video cc-1 playing @ https://www.bevel.health/zh:612
[  476447ms] [LOG]   hero_watch-video cc-1 playing @ https://www.bevel.health/zh:612
[  481755ms] [LOG]   hero_phone-video cc-1 finished (1/2) @ https://www.bevel.health/zh:598
[  482286ms] [LOG]   hero_watch-video cc-1 finished (2/2) @ https://www.bevel.health/zh:598
[  482286ms] [LOG] Playing pair 1: [hero_phone-video cc-2, hero_watch-video cc-2] @ https://www.bevel.health/zh:578
[  482287ms] [LOG]   Waiting for hero_phone-video cc-2 to load... @ https://www.bevel.health/zh:619
[  482287ms] [LOG]   Waiting for hero_watch-video cc-2 to load... @ https://www.bevel.health/zh:619
[  482315ms] [LOG]   hero_watch-video cc-2 playing @ https://www.bevel.health/zh:612
[  482315ms] [LOG]   hero_phone-video cc-2 playing @ https://www.bevel.health/zh:612
[  488159ms] [LOG]   hero_watch-video cc-2 finished (1/2) @ https://www.bevel.health/zh:598
[  488159ms] [LOG]   hero_phone-video cc-2 finished (2/2) @ https://www.bevel.health/zh:598
[  488159ms] [LOG] Playing pair 2: [hero_phone-video cc-3, hero_watch-video cc-3] @ https://www.bevel.health/zh:578
[  488160ms] [LOG]   Waiting for hero_phone-video cc-3 to load... @ https://www.bevel.health/zh:619
[  488160ms] [LOG]   Waiting for hero_watch-video cc-3 to load... @ https://www.bevel.health/zh:619
[  488180ms] [LOG]   hero_phone-video cc-3 playing @ https://www.bevel.health/zh:612
[  488181ms] [LOG]   hero_watch-video cc-3 playing @ https://www.bevel.health/zh:612
[  494021ms] [LOG]   hero_phone-video cc-3 finished (1/2) @ https://www.bevel.health/zh:598
[  494021ms] [LOG]   hero_watch-video cc-3 finished (2/2) @ https://www.bevel.health/zh:598
[  494021ms] [LOG] Playing pair 0: [hero_phone-video cc-1, hero_watch-video cc-1] @ https://www.bevel.health/zh:578
[  494021ms] [LOG]   Waiting for hero_phone-video cc-1 to load... @ https://www.bevel.health/zh:619
[  494022ms] [LOG]   Waiting for hero_watch-video cc-1 to load... @ https://www.bevel.health/zh:619
[  494047ms] [LOG]   hero_phone-video cc-1 playing @ https://www.bevel.health/zh:612
[  494048ms] [LOG]   hero_watch-video cc-1 playing @ https://www.bevel.health/zh:612
[  499349ms] [LOG]   hero_phone-video cc-1 finished (1/2) @ https://www.bevel.health/zh:598
[  499880ms] [LOG]   hero_watch-video cc-1 finished (2/2) @ https://www.bevel.health/zh:598
[  499880ms] [LOG] Playing pair 1: [hero_phone-video cc-2, hero_watch-video cc-2] @ https://www.bevel.health/zh:578
[  499880ms] [LOG]   Waiting for hero_phone-video cc-2 to load... @ https://www.bevel.health/zh:619
[  499881ms] [LOG]   Waiting for hero_watch-video cc-2 to load... @ https://www.bevel.health/zh:619
[  499905ms] [LOG]   hero_watch-video cc-2 playing @ https://www.bevel.health/zh:612
[  499908ms] [LOG]   hero_phone-video cc-2 playing @ https://www.bevel.health/zh:612
[  505739ms] [LOG]   hero_watch-video cc-2 finished (1/2) @ https://www.bevel.health/zh:598
[  505739ms] [LOG]   hero_phone-video cc-2 finished (2/2) @ https://www.bevel.health/zh:598
[  505739ms] [LOG] Playing pair 2: [hero_phone-video cc-3, hero_watch-video cc-3] @ https://www.bevel.health/zh:578
[  505740ms] [LOG]   Waiting for hero_phone-video cc-3 to load... @ https://www.bevel.health/zh:619
[  505740ms] [LOG]   Waiting for hero_watch-video cc-3 to load... @ https://www.bevel.health/zh:619
[  505764ms] [LOG]   hero_phone-video cc-3 playing @ https://www.bevel.health/zh:612
[  505764ms] [LOG]   hero_watch-video cc-3 playing @ https://www.bevel.health/zh:612
[  511599ms] [LOG]   hero_phone-video cc-3 finished (1/2) @ https://www.bevel.health/zh:598
[  511599ms] [LOG]   hero_watch-video cc-3 finished (2/2) @ https://www.bevel.health/zh:598
[  511599ms] [LOG] Playing pair 0: [hero_phone-video cc-1, hero_watch-video cc-1] @ https://www.bevel.health/zh:578
[  511599ms] [LOG]   Waiting for hero_phone-video cc-1 to load... @ https://www.bevel.health/zh:619
[  511600ms] [LOG]   Waiting for hero_watch-video cc-1 to load... @ https://www.bevel.health/zh:619
[  511618ms] [LOG]   hero_phone-video cc-1 playing @ https://www.bevel.health/zh:612
[  511618ms] [LOG]   hero_watch-video cc-1 playing @ https://www.bevel.health/zh:612
[  516925ms] [LOG]   hero_phone-video cc-1 finished (1/2) @ https://www.bevel.health/zh:598
[  517457ms] [LOG]   hero_watch-video cc-1 finished (2/2) @ https://www.bevel.health/zh:598
[  517457ms] [LOG] Playing pair 1: [hero_phone-video cc-2, hero_watch-video cc-2] @ https://www.bevel.health/zh:578
[  517458ms] [LOG]   Waiting for hero_phone-video cc-2 to load... @ https://www.bevel.health/zh:619
[  517458ms] [LOG]   Waiting for hero_watch-video cc-2 to load... @ https://www.bevel.health/zh:619
[  517482ms] [LOG]   hero_watch-video cc-2 playing @ https://www.bevel.health/zh:612
[  517483ms] [LOG]   hero_phone-video cc-2 playing @ https://www.bevel.health/zh:612
[  523318ms] [LOG]   hero_watch-video cc-2 finished (1/2) @ https://www.bevel.health/zh:598
[  523318ms] [LOG]   hero_phone-video cc-2 finished (2/2) @ https://www.bevel.health/zh:598
[  523318ms] [LOG] Playing pair 2: [hero_phone-video cc-3, hero_watch-video cc-3] @ https://www.bevel.health/zh:578
[  523318ms] [LOG]   Waiting for hero_phone-video cc-3 to load... @ https://www.bevel.health/zh:619
[  523319ms] [LOG]   Waiting for hero_watch-video cc-3 to load... @ https://www.bevel.health/zh:619
[  523333ms] [LOG]   hero_phone-video cc-3 playing @ https://www.bevel.health/zh:612
[  523333ms] [LOG]   hero_watch-video cc-3 playing @ https://www.bevel.health/zh:612
[  529176ms] [LOG]   hero_phone-video cc-3 finished (1/2) @ https://www.bevel.health/zh:598
[  529176ms] [LOG]   hero_watch-video cc-3 finished (2/2) @ https://www.bevel.health/zh:598
[  529176ms] [LOG] Playing pair 0: [hero_phone-video cc-1, hero_watch-video cc-1] @ https://www.bevel.health/zh:578
[  529176ms] [LOG]   Waiting for hero_phone-video cc-1 to load... @ https://www.bevel.health/zh:619
[  529177ms] [LOG]   Waiting for hero_watch-video cc-1 to load... @ https://www.bevel.health/zh:619
[  529193ms] [LOG]   hero_phone-video cc-1 playing @ https://www.bevel.health/zh:612
[  529193ms] [LOG]   hero_watch-video cc-1 playing @ https://www.bevel.health/zh:612
[  534506ms] [LOG]   hero_phone-video cc-1 finished (1/2) @ https://www.bevel.health/zh:598
[  535037ms] [LOG]   hero_watch-video cc-1 finished (2/2) @ https://www.bevel.health/zh:598
[  535037ms] [LOG] Playing pair 1: [hero_phone-video cc-2, hero_watch-video cc-2] @ https://www.bevel.health/zh:578
[  535037ms] [LOG]   Waiting for hero_phone-video cc-2 to load... @ https://www.bevel.health/zh:619
[  535038ms] [LOG]   Waiting for hero_watch-video cc-2 to load... @ https://www.bevel.health/zh:619
[  535065ms] [LOG]   hero_watch-video cc-2 playing @ https://www.bevel.health/zh:612
[  535065ms] [LOG]   hero_phone-video cc-2 playing @ https://www.bevel.health/zh:612
[  540896ms] [LOG]   hero_watch-video cc-2 finished (1/2) @ https://www.bevel.health/zh:598
[  540896ms] [LOG]   hero_phone-video cc-2 finished (2/2) @ https://www.bevel.health/zh:598
[  540896ms] [LOG] Playing pair 2: [hero_phone-video cc-3, hero_watch-video cc-3] @ https://www.bevel.health/zh:578
[  540896ms] [LOG]   Waiting for hero_phone-video cc-3 to load... @ https://www.bevel.health/zh:619
[  540897ms] [LOG]   Waiting for hero_watch-video cc-3 to load... @ https://www.bevel.health/zh:619
[  540919ms] [LOG]   hero_phone-video cc-3 playing @ https://www.bevel.health/zh:612
[  540919ms] [LOG]   hero_watch-video cc-3 playing @ https://www.bevel.health/zh:612
[  546755ms] [LOG]   hero_phone-video cc-3 finished (1/2) @ https://www.bevel.health/zh:598
[  546755ms] [LOG]   hero_watch-video cc-3 finished (2/2) @ https://www.bevel.health/zh:598
[  546756ms] [LOG] Playing pair 0: [hero_phone-video cc-1, hero_watch-video cc-1] @ https://www.bevel.health/zh:578
[  546756ms] [LOG]   Waiting for hero_phone-video cc-1 to load... @ https://www.bevel.health/zh:619
[  546756ms] [LOG]   Waiting for hero_watch-video cc-1 to load... @ https://www.bevel.health/zh:619
[  546777ms] [LOG]   hero_phone-video cc-1 playing @ https://www.bevel.health/zh:612
[  546777ms] [LOG]   hero_watch-video cc-1 playing @ https://www.bevel.health/zh:612
[  552083ms] [LOG]   hero_phone-video cc-1 finished (1/2) @ https://www.bevel.health/zh:598
[  552615ms] [LOG]   hero_watch-video cc-1 finished (2/2) @ https://www.bevel.health/zh:598
[  552616ms] [LOG] Playing pair 1: [hero_phone-video cc-2, hero_watch-video cc-2] @ https://www.bevel.health/zh:578
[  552616ms] [LOG]   Waiting for hero_phone-video cc-2 to load... @ https://www.bevel.health/zh:619
[  552617ms] [LOG]   Waiting for hero_watch-video cc-2 to load... @ https://www.bevel.health/zh:619
[  552644ms] [LOG]   hero_watch-video cc-2 playing @ https://www.bevel.health/zh:612
[  552646ms] [LOG]   hero_phone-video cc-2 playing @ https://www.bevel.health/zh:612
[  558489ms] [LOG]   hero_watch-video cc-2 finished (1/2) @ https://www.bevel.health/zh:598
[  558490ms] [LOG]   hero_phone-video cc-2 finished (2/2) @ https://www.bevel.health/zh:598
[  558490ms] [LOG] Playing pair 2: [hero_phone-video cc-3, hero_watch-video cc-3] @ https://www.bevel.health/zh:578
[  558490ms] [LOG]   Waiting for hero_phone-video cc-3 to load... @ https://www.bevel.health/zh:619
[  558491ms] [LOG]   Waiting for hero_watch-video cc-3 to load... @ https://www.bevel.health/zh:619
[  558514ms] [LOG]   hero_phone-video cc-3 playing @ https://www.bevel.health/zh:612
[  558516ms] [LOG]   hero_watch-video cc-3 playing @ https://www.bevel.health/zh:612
[  564350ms] [LOG]   hero_phone-video cc-3 finished (1/2) @ https://www.bevel.health/zh:598
[  564350ms] [LOG]   hero_watch-video cc-3 finished (2/2) @ https://www.bevel.health/zh:598
[  564350ms] [LOG] Playing pair 0: [hero_phone-video cc-1, hero_watch-video cc-1] @ https://www.bevel.health/zh:578
[  564350ms] [LOG]   Waiting for hero_phone-video cc-1 to load... @ https://www.bevel.health/zh:619
[  564351ms] [LOG]   Waiting for hero_watch-video cc-1 to load... @ https://www.bevel.health/zh:619
[  564375ms] [LOG]   hero_phone-video cc-1 playing @ https://www.bevel.health/zh:612
[  564376ms] [LOG]   hero_watch-video cc-1 playing @ https://www.bevel.health/zh:612
[  569676ms] [LOG]   hero_phone-video cc-1 finished (1/2) @ https://www.bevel.health/zh:598
[  570206ms] [LOG]   hero_watch-video cc-1 finished (2/2) @ https://www.bevel.health/zh:598
[  570207ms] [LOG] Playing pair 1: [hero_phone-video cc-2, hero_watch-video cc-2] @ https://www.bevel.health/zh:578
[  570207ms] [LOG]   Waiting for hero_phone-video cc-2 to load... @ https://www.bevel.health/zh:619
[  570207ms] [LOG]   Waiting for hero_watch-video cc-2 to load... @ https://www.bevel.health/zh:619
[  570233ms] [LOG]   hero_phone-video cc-2 playing @ https://www.bevel.health/zh:612
[  570233ms] [LOG]   hero_watch-video cc-2 playing @ https://www.bevel.health/zh:612
[  576069ms] [LOG]   hero_phone-video cc-2 finished (1/2) @ https://www.bevel.health/zh:598
[  576069ms] [LOG]   hero_watch-video cc-2 finished (2/2) @ https://www.bevel.health/zh:598
[  576069ms] [LOG] Playing pair 2: [hero_phone-video cc-3, hero_watch-video cc-3] @ https://www.bevel.health/zh:578
[  576069ms] [LOG]   Waiting for hero_phone-video cc-3 to load... @ https://www.bevel.health/zh:619
[  576070ms] [LOG]   Waiting for hero_watch-video cc-3 to load... @ https://www.bevel.health/zh:619
[  576096ms] [LOG]   hero_phone-video cc-3 playing @ https://www.bevel.health/zh:612
[  576097ms] [LOG]   hero_watch-video cc-3 playing @ https://www.bevel.health/zh:612
[  581927ms] [LOG]   hero_phone-video cc-3 finished (1/2) @ https://www.bevel.health/zh:598
[  581927ms] [LOG]   hero_watch-video cc-3 finished (2/2) @ https://www.bevel.health/zh:598
[  581927ms] [LOG] Playing pair 0: [hero_phone-video cc-1, hero_watch-video cc-1] @ https://www.bevel.health/zh:578
[  581927ms] [LOG]   Waiting for hero_phone-video cc-1 to load... @ https://www.bevel.health/zh:619
[  581928ms] [LOG]   Waiting for hero_watch-video cc-1 to load... @ https://www.bevel.health/zh:619
[  581953ms] [LOG]   hero_phone-video cc-1 playing @ https://www.bevel.health/zh:612
[  581953ms] [LOG]   hero_watch-video cc-1 playing @ https://www.bevel.health/zh:612
[  587256ms] [LOG]   hero_phone-video cc-1 finished (1/2) @ https://www.bevel.health/zh:598
[  587786ms] [LOG]   hero_watch-video cc-1 finished (2/2) @ https://www.bevel.health/zh:598
[  587786ms] [LOG] Playing pair 1: [hero_phone-video cc-2, hero_watch-video cc-2] @ https://www.bevel.health/zh:578
[  587787ms] [LOG]   Waiting for hero_phone-video cc-2 to load... @ https://www.bevel.health/zh:619
[  587787ms] [LOG]   Waiting for hero_watch-video cc-2 to load... @ https://www.bevel.health/zh:619
[  587812ms] [LOG]   hero_phone-video cc-2 playing @ https://www.bevel.health/zh:612
[  587812ms] [LOG]   hero_watch-video cc-2 playing @ https://www.bevel.health/zh:612
[  593646ms] [LOG]   hero_phone-video cc-2 finished (1/2) @ https://www.bevel.health/zh:598
[  593646ms] [LOG]   hero_watch-video cc-2 finished (2/2) @ https://www.bevel.health/zh:598
[  593646ms] [LOG] Playing pair 2: [hero_phone-video cc-3, hero_watch-video cc-3] @ https://www.bevel.health/zh:578
[  593647ms] [LOG]   Waiting for hero_phone-video cc-3 to load... @ https://www.bevel.health/zh:619
[  593647ms] [LOG]   Waiting for hero_watch-video cc-3 to load... @ https://www.bevel.health/zh:619
[  593671ms] [LOG]   hero_phone-video cc-3 playing @ https://www.bevel.health/zh:612
[  593671ms] [LOG]   hero_watch-video cc-3 playing @ https://www.bevel.health/zh:612
[  599506ms] [LOG]   hero_phone-video cc-3 finished (1/2) @ https://www.bevel.health/zh:598
[  599506ms] [LOG]   hero_watch-video cc-3 finished (2/2) @ https://www.bevel.health/zh:598
[  599506ms] [LOG] Playing pair 0: [hero_phone-video cc-1, hero_watch-video cc-1] @ https://www.bevel.health/zh:578
[  599507ms] [LOG]   Waiting for hero_phone-video cc-1 to load... @ https://www.bevel.health/zh:619
[  599507ms] [LOG]   Waiting for hero_watch-video cc-1 to load... @ https://www.bevel.health/zh:619
[  599533ms] [LOG]   hero_watch-video cc-1 playing @ https://www.bevel.health/zh:612
[  599533ms] [LOG]   hero_phone-video cc-1 playing @ https://www.bevel.health/zh:612
[  604834ms] [LOG]   hero_phone-video cc-1 finished (1/2) @ https://www.bevel.health/zh:598
[  605365ms] [LOG]   hero_watch-video cc-1 finished (2/2) @ https://www.bevel.health/zh:598
[  605365ms] [LOG] Playing pair 1: [hero_phone-video cc-2, hero_watch-video cc-2] @ https://www.bevel.health/zh:578
[  605365ms] [LOG]   Waiting for hero_phone-video cc-2 to load... @ https://www.bevel.health/zh:619
[  605366ms] [LOG]   Waiting for hero_watch-video cc-2 to load... @ https://www.bevel.health/zh:619
[  605390ms] [LOG]   hero_watch-video cc-2 playing @ https://www.bevel.health/zh:612
[  605391ms] [LOG]   hero_phone-video cc-2 playing @ https://www.bevel.health/zh:612
[  611223ms] [LOG]   hero_watch-video cc-2 finished (1/2) @ https://www.bevel.health/zh:598
[  611223ms] [LOG]   hero_phone-video cc-2 finished (2/2) @ https://www.bevel.health/zh:598
[  611223ms] [LOG] Playing pair 2: [hero_phone-video cc-3, hero_watch-video cc-3] @ https://www.bevel.health/zh:578
[  611223ms] [LOG]   Waiting for hero_phone-video cc-3 to load... @ https://www.bevel.health/zh:619
[  611224ms] [LOG]   Waiting for hero_watch-video cc-3 to load... @ https://www.bevel.health/zh:619
[  611241ms] [LOG]   hero_phone-video cc-3 playing @ https://www.bevel.health/zh:612
[  611241ms] [LOG]   hero_watch-video cc-3 playing @ https://www.bevel.health/zh:612
[  617085ms] [LOG]   hero_phone-video cc-3 finished (1/2) @ https://www.bevel.health/zh:598
[  617085ms] [LOG]   hero_watch-video cc-3 finished (2/2) @ https://www.bevel.health/zh:598
[  617085ms] [LOG] Playing pair 0: [hero_phone-video cc-1, hero_watch-video cc-1] @ https://www.bevel.health/zh:578
[  617085ms] [LOG]   Waiting for hero_phone-video cc-1 to load... @ https://www.bevel.health/zh:619
[  617086ms] [LOG]   Waiting for hero_watch-video cc-1 to load... @ https://www.bevel.health/zh:619
[  617111ms] [LOG]   hero_phone-video cc-1 playing @ https://www.bevel.health/zh:612
[  617111ms] [LOG]   hero_watch-video cc-1 playing @ https://www.bevel.health/zh:612
[  622412ms] [LOG]   hero_phone-video cc-1 finished (1/2) @ https://www.bevel.health/zh:598
[  622942ms] [LOG]   hero_watch-video cc-1 finished (2/2) @ https://www.bevel.health/zh:598
[  622942ms] [LOG] Playing pair 1: [hero_phone-video cc-2, hero_watch-video cc-2] @ https://www.bevel.health/zh:578
[  622943ms] [LOG]   Waiting for hero_phone-video cc-2 to load... @ https://www.bevel.health/zh:619
[  622943ms] [LOG]   Waiting for hero_watch-video cc-2 to load... @ https://www.bevel.health/zh:619
[  622971ms] [LOG]   hero_watch-video cc-2 playing @ https://www.bevel.health/zh:612
[  622971ms] [LOG]   hero_phone-video cc-2 playing @ https://www.bevel.health/zh:612
[  628803ms] [LOG]   hero_watch-video cc-2 finished (1/2) @ https://www.bevel.health/zh:598
[  628803ms] [LOG]   hero_phone-video cc-2 finished (2/2) @ https://www.bevel.health/zh:598
[  628803ms] [LOG] Playing pair 2: [hero_phone-video cc-3, hero_watch-video cc-3] @ https://www.bevel.health/zh:578
[  628803ms] [LOG]   Waiting for hero_phone-video cc-3 to load... @ https://www.bevel.health/zh:619
[  628804ms] [LOG]   Waiting for hero_watch-video cc-3 to load... @ https://www.bevel.health/zh:619
[  628824ms] [LOG]   hero_phone-video cc-3 playing @ https://www.bevel.health/zh:612
[  628824ms] [LOG]   hero_watch-video cc-3 playing @ https://www.bevel.health/zh:612
[  634662ms] [LOG]   hero_phone-video cc-3 finished (1/2) @ https://www.bevel.health/zh:598
[  634662ms] [LOG]   hero_watch-video cc-3 finished (2/2) @ https://www.bevel.health/zh:598
[  634662ms] [LOG] Playing pair 0: [hero_phone-video cc-1, hero_watch-video cc-1] @ https://www.bevel.health/zh:578
[  634663ms] [LOG]   Waiting for hero_phone-video cc-1 to load... @ https://www.bevel.health/zh:619
[  634663ms] [LOG]   Waiting for hero_watch-video cc-1 to load... @ https://www.bevel.health/zh:619
[  634687ms] [LOG]   hero_phone-video cc-1 playing @ https://www.bevel.health/zh:612
[  634687ms] [LOG]   hero_watch-video cc-1 playing @ https://www.bevel.health/zh:612
[  639990ms] [LOG]   hero_phone-video cc-1 finished (1/2) @ https://www.bevel.health/zh:598
[  640523ms] [LOG]   hero_watch-video cc-1 finished (2/2) @ https://www.bevel.health/zh:598
[  640523ms] [LOG] Playing pair 1: [hero_phone-video cc-2, hero_watch-video cc-2] @ https://www.bevel.health/zh:578
[  640524ms] [LOG]   Waiting for hero_phone-video cc-2 to load... @ https://www.bevel.health/zh:619
[  640524ms] [LOG]   Waiting for hero_watch-video cc-2 to load... @ https://www.bevel.health/zh:619
[  640547ms] [LOG]   hero_phone-video cc-2 playing @ https://www.bevel.health/zh:612
[  640547ms] [LOG]   hero_watch-video cc-2 playing @ https://www.bevel.health/zh:612
[  646381ms] [LOG]   hero_phone-video cc-2 finished (1/2) @ https://www.bevel.health/zh:598
[  646381ms] [LOG]   hero_watch-video cc-2 finished (2/2) @ https://www.bevel.health/zh:598
[  646381ms] [LOG] Playing pair 2: [hero_phone-video cc-3, hero_watch-video cc-3] @ https://www.bevel.health/zh:578
[  646382ms] [LOG]   Waiting for hero_phone-video cc-3 to load... @ https://www.bevel.health/zh:619
[  646382ms] [LOG]   Waiting for hero_watch-video cc-3 to load... @ https://www.bevel.health/zh:619
[  646407ms] [LOG]   hero_phone-video cc-3 playing @ https://www.bevel.health/zh:612
[  646407ms] [LOG]   hero_watch-video cc-3 playing @ https://www.bevel.health/zh:612
[  652240ms] [LOG]   hero_phone-video cc-3 finished (1/2) @ https://www.bevel.health/zh:598
[  652240ms] [LOG]   hero_watch-video cc-3 finished (2/2) @ https://www.bevel.health/zh:598
[  652240ms] [LOG] Playing pair 0: [hero_phone-video cc-1, hero_watch-video cc-1] @ https://www.bevel.health/zh:578
[  652240ms] [LOG]   Waiting for hero_phone-video cc-1 to load... @ https://www.bevel.health/zh:619
[  652240ms] [LOG]   Waiting for hero_watch-video cc-1 to load... @ https://www.bevel.health/zh:619
[  652256ms] [LOG]   hero_phone-video cc-1 playing @ https://www.bevel.health/zh:612
[  652256ms] [LOG]   hero_watch-video cc-1 playing @ https://www.bevel.health/zh:612
[  657568ms] [LOG]   hero_phone-video cc-1 finished (1/2) @ https://www.bevel.health/zh:598
[  658101ms] [LOG]   hero_watch-video cc-1 finished (2/2) @ https://www.bevel.health/zh:598
[  658101ms] [LOG] Playing pair 1: [hero_phone-video cc-2, hero_watch-video cc-2] @ https://www.bevel.health/zh:578
[  658101ms] [LOG]   Waiting for hero_phone-video cc-2 to load... @ https://www.bevel.health/zh:619
[  658102ms] [LOG]   Waiting for hero_watch-video cc-2 to load... @ https://www.bevel.health/zh:619
[  658125ms] [LOG]   hero_watch-video cc-2 playing @ https://www.bevel.health/zh:612
[  658125ms] [LOG]   hero_phone-video cc-2 playing @ https://www.bevel.health/zh:612
[  663959ms] [LOG]   hero_watch-video cc-2 finished (1/2) @ https://www.bevel.health/zh:598
[  663959ms] [LOG]   hero_phone-video cc-2 finished (2/2) @ https://www.bevel.health/zh:598
[  663959ms] [LOG] Playing pair 2: [hero_phone-video cc-3, hero_watch-video cc-3] @ https://www.bevel.health/zh:578
[  663959ms] [LOG]   Waiting for hero_phone-video cc-3 to load... @ https://www.bevel.health/zh:619
[  663960ms] [LOG]   Waiting for hero_watch-video cc-3 to load... @ https://www.bevel.health/zh:619
[  663976ms] [LOG]   hero_phone-video cc-3 playing @ https://www.bevel.health/zh:612
[  663976ms] [LOG]   hero_watch-video cc-3 playing @ https://www.bevel.health/zh:612
[  669820ms] [LOG]   hero_phone-video cc-3 finished (1/2) @ https://www.bevel.health/zh:598
[  669820ms] [LOG]   hero_watch-video cc-3 finished (2/2) @ https://www.bevel.health/zh:598
[  669820ms] [LOG] Playing pair 0: [hero_phone-video cc-1, hero_watch-video cc-1] @ https://www.bevel.health/zh:578
[  669820ms] [LOG]   Waiting for hero_phone-video cc-1 to load... @ https://www.bevel.health/zh:619
[  669821ms] [LOG]   Waiting for hero_watch-video cc-1 to load... @ https://www.bevel.health/zh:619
[  669847ms] [LOG]   hero_phone-video cc-1 playing @ https://www.bevel.health/zh:612
[  669847ms] [LOG]   hero_watch-video cc-1 playing @ https://www.bevel.health/zh:612
[  675147ms] [LOG]   hero_phone-video cc-1 finished (1/2) @ https://www.bevel.health/zh:598
[  675678ms] [LOG]   hero_watch-video cc-1 finished (2/2) @ https://www.bevel.health/zh:598
[  675678ms] [LOG] Playing pair 1: [hero_phone-video cc-2, hero_watch-video cc-2] @ https://www.bevel.health/zh:578
[  675678ms] [LOG]   Waiting for hero_phone-video cc-2 to load... @ https://www.bevel.health/zh:619
[  675679ms] [LOG]   Waiting for hero_watch-video cc-2 to load... @ https://www.bevel.health/zh:619
[  675701ms] [LOG]   hero_watch-video cc-2 playing @ https://www.bevel.health/zh:612
[  675701ms] [LOG]   hero_phone-video cc-2 playing @ https://www.bevel.health/zh:612
[  681538ms] [LOG]   hero_watch-video cc-2 finished (1/2) @ https://www.bevel.health/zh:598
[  681538ms] [LOG]   hero_phone-video cc-2 finished (2/2) @ https://www.bevel.health/zh:598
[  681538ms] [LOG] Playing pair 2: [hero_phone-video cc-3, hero_watch-video cc-3] @ https://www.bevel.health/zh:578
[  681539ms] [LOG]   Waiting for hero_phone-video cc-3 to load... @ https://www.bevel.health/zh:619
[  681539ms] [LOG]   Waiting for hero_watch-video cc-3 to load... @ https://www.bevel.health/zh:619
[  681563ms] [LOG]   hero_phone-video cc-3 playing @ https://www.bevel.health/zh:612
[  681565ms] [LOG]   hero_watch-video cc-3 playing @ https://www.bevel.health/zh:612
[  687397ms] [LOG]   hero_phone-video cc-3 finished (1/2) @ https://www.bevel.health/zh:598
[  687397ms] [LOG]   hero_watch-video cc-3 finished (2/2) @ https://www.bevel.health/zh:598
[  687397ms] [LOG] Playing pair 0: [hero_phone-video cc-1, hero_watch-video cc-1] @ https://www.bevel.health/zh:578
[  687397ms] [LOG]   Waiting for hero_phone-video cc-1 to load... @ https://www.bevel.health/zh:619
[  687398ms] [LOG]   Waiting for hero_watch-video cc-1 to load... @ https://www.bevel.health/zh:619
[  687421ms] [LOG]   hero_phone-video cc-1 playing @ https://www.bevel.health/zh:612
[  687421ms] [LOG]   hero_watch-video cc-1 playing @ https://www.bevel.health/zh:612
[  692724ms] [LOG]   hero_phone-video cc-1 finished (1/2) @ https://www.bevel.health/zh:598
[  693258ms] [LOG]   hero_watch-video cc-1 finished (2/2) @ https://www.bevel.health/zh:598
[  693258ms] [LOG] Playing pair 1: [hero_phone-video cc-2, hero_watch-video cc-2] @ https://www.bevel.health/zh:578
[  693258ms] [LOG]   Waiting for hero_phone-video cc-2 to load... @ https://www.bevel.health/zh:619
[  693258ms] [LOG]   Waiting for hero_watch-video cc-2 to load... @ https://www.bevel.health/zh:619
[  693281ms] [LOG]   hero_watch-video cc-2 playing @ https://www.bevel.health/zh:612
[  693282ms] [LOG]   hero_phone-video cc-2 playing @ https://www.bevel.health/zh:612
[  699117ms] [LOG]   hero_watch-video cc-2 finished (1/2) @ https://www.bevel.health/zh:598
[  699117ms] [LOG]   hero_phone-video cc-2 finished (2/2) @ https://www.bevel.health/zh:598
[  699117ms] [LOG] Playing pair 2: [hero_phone-video cc-3, hero_watch-video cc-3] @ https://www.bevel.health/zh:578
[  699117ms] [LOG]   Waiting for hero_phone-video cc-3 to load... @ https://www.bevel.health/zh:619
[  699118ms] [LOG]   Waiting for hero_watch-video cc-3 to load... @ https://www.bevel.health/zh:619
[  699143ms] [LOG]   hero_phone-video cc-3 playing @ https://www.bevel.health/zh:612
[  699143ms] [LOG]   hero_watch-video cc-3 playing @ https://www.bevel.health/zh:612
[  704974ms] [LOG]   hero_phone-video cc-3 finished (1/2) @ https://www.bevel.health/zh:598
[  704974ms] [LOG]   hero_watch-video cc-3 finished (2/2) @ https://www.bevel.health/zh:598
[  704974ms] [LOG] Playing pair 0: [hero_phone-video cc-1, hero_watch-video cc-1] @ https://www.bevel.health/zh:578
[  704974ms] [LOG]   Waiting for hero_phone-video cc-1 to load... @ https://www.bevel.health/zh:619
[  704975ms] [LOG]   Waiting for hero_watch-video cc-1 to load... @ https://www.bevel.health/zh:619
[  704994ms] [LOG]   hero_phone-video cc-1 playing @ https://www.bevel.health/zh:612
[  704995ms] [LOG]   hero_watch-video cc-1 playing @ https://www.bevel.health/zh:612
[  710304ms] [LOG]   hero_phone-video cc-1 finished (1/2) @ https://www.bevel.health/zh:598
[  710835ms] [LOG]   hero_watch-video cc-1 finished (2/2) @ https://www.bevel.health/zh:598
[  710835ms] [LOG] Playing pair 1: [hero_phone-video cc-2, hero_watch-video cc-2] @ https://www.bevel.health/zh:578
[  710836ms] [LOG]   Waiting for hero_phone-video cc-2 to load... @ https://www.bevel.health/zh:619
[  710836ms] [LOG]   Waiting for hero_watch-video cc-2 to load... @ https://www.bevel.health/zh:619
[  710860ms] [LOG]   hero_watch-video cc-2 playing @ https://www.bevel.health/zh:612
[  710860ms] [LOG]   hero_phone-video cc-2 playing @ https://www.bevel.health/zh:612
[  716694ms] [LOG]   hero_watch-video cc-2 finished (1/2) @ https://www.bevel.health/zh:598
[  716694ms] [LOG]   hero_phone-video cc-2 finished (2/2) @ https://www.bevel.health/zh:598
[  716694ms] [LOG] Playing pair 2: [hero_phone-video cc-3, hero_watch-video cc-3] @ https://www.bevel.health/zh:578
[  716694ms] [LOG]   Waiting for hero_phone-video cc-3 to load... @ https://www.bevel.health/zh:619
[  716695ms] [LOG]   Waiting for hero_watch-video cc-3 to load... @ https://www.bevel.health/zh:619
[  716719ms] [LOG]   hero_phone-video cc-3 playing @ https://www.bevel.health/zh:612
[  716720ms] [LOG]   hero_watch-video cc-3 playing @ https://www.bevel.health/zh:612
[  722554ms] [LOG]   hero_phone-video cc-3 finished (1/2) @ https://www.bevel.health/zh:598
[  722554ms] [LOG]   hero_watch-video cc-3 finished (2/2) @ https://www.bevel.health/zh:598
[  722555ms] [LOG] Playing pair 0: [hero_phone-video cc-1, hero_watch-video cc-1] @ https://www.bevel.health/zh:578
[  722555ms] [LOG]   Waiting for hero_phone-video cc-1 to load... @ https://www.bevel.health/zh:619
[  722555ms] [LOG]   Waiting for hero_watch-video cc-1 to load... @ https://www.bevel.health/zh:619
[  722581ms] [LOG]   hero_phone-video cc-1 playing @ https://www.bevel.health/zh:612
[  722581ms] [LOG]   hero_watch-video cc-1 playing @ https://www.bevel.health/zh:612
[  727883ms] [LOG]   hero_phone-video cc-1 finished (1/2) @ https://www.bevel.health/zh:598
[  728414ms] [LOG]   hero_watch-video cc-1 finished (2/2) @ https://www.bevel.health/zh:598
[  728414ms] [LOG] Playing pair 1: [hero_phone-video cc-2, hero_watch-video cc-2] @ https://www.bevel.health/zh:578
[  728414ms] [LOG]   Waiting for hero_phone-video cc-2 to load... @ https://www.bevel.health/zh:619
[  728414ms] [LOG]   Waiting for hero_watch-video cc-2 to load... @ https://www.bevel.health/zh:619
[  728439ms] [LOG]   hero_phone-video cc-2 playing @ https://www.bevel.health/zh:612
[  728439ms] [LOG]   hero_watch-video cc-2 playing @ https://www.bevel.health/zh:612
[  734274ms] [LOG]   hero_phone-video cc-2 finished (1/2) @ https://www.bevel.health/zh:598
[  734274ms] [LOG]   hero_watch-video cc-2 finished (2/2) @ https://www.bevel.health/zh:598
[  734274ms] [LOG] Playing pair 2: [hero_phone-video cc-3, hero_watch-video cc-3] @ https://www.bevel.health/zh:578
[  734274ms] [LOG]   Waiting for hero_phone-video cc-3 to load... @ https://www.bevel.health/zh:619
[  734275ms] [LOG]   Waiting for hero_watch-video cc-3 to load... @ https://www.bevel.health/zh:619
[  734296ms] [LOG]   hero_phone-video cc-3 playing @ https://www.bevel.health/zh:612
[  734296ms] [LOG]   hero_watch-video cc-3 playing @ https://www.bevel.health/zh:612
[  740132ms] [LOG]   hero_phone-video cc-3 finished (1/2) @ https://www.bevel.health/zh:598
[  740132ms] [LOG]   hero_watch-video cc-3 finished (2/2) @ https://www.bevel.health/zh:598
[  740132ms] [LOG] Playing pair 0: [hero_phone-video cc-1, hero_watch-video cc-1] @ https://www.bevel.health/zh:578
[  740133ms] [LOG]   Waiting for hero_phone-video cc-1 to load... @ https://www.bevel.health/zh:619
[  740133ms] [LOG]   Waiting for hero_watch-video cc-1 to load... @ https://www.bevel.health/zh:619
[  740158ms] [LOG]   hero_phone-video cc-1 playing @ https://www.bevel.health/zh:612
[  740160ms] [LOG]   hero_watch-video cc-1 playing @ https://www.bevel.health/zh:612
[  745460ms] [LOG]   hero_phone-video cc-1 finished (1/2) @ https://www.bevel.health/zh:598
[  745992ms] [LOG]   hero_watch-video cc-1 finished (2/2) @ https://www.bevel.health/zh:598
[  745992ms] [LOG] Playing pair 1: [hero_phone-video cc-2, hero_watch-video cc-2] @ https://www.bevel.health/zh:578
[  745992ms] [LOG]   Waiting for hero_phone-video cc-2 to load... @ https://www.bevel.health/zh:619
[  745993ms] [LOG]   Waiting for hero_watch-video cc-2 to load... @ https://www.bevel.health/zh:619
[  746018ms] [LOG]   hero_watch-video cc-2 playing @ https://www.bevel.health/zh:612
[  746018ms] [LOG]   hero_phone-video cc-2 playing @ https://www.bevel.health/zh:612
[  751851ms] [LOG]   hero_watch-video cc-2 finished (1/2) @ https://www.bevel.health/zh:598
[  751852ms] [LOG]   hero_phone-video cc-2 finished (2/2) @ https://www.bevel.health/zh:598
[  751852ms] [LOG] Playing pair 2: [hero_phone-video cc-3, hero_watch-video cc-3] @ https://www.bevel.health/zh:578
[  751852ms] [LOG]   Waiting for hero_phone-video cc-3 to load... @ https://www.bevel.health/zh:619
[  751852ms] [LOG]   Waiting for hero_watch-video cc-3 to load... @ https://www.bevel.health/zh:619
[  751874ms] [LOG]   hero_phone-video cc-3 playing @ https://www.bevel.health/zh:612
[  751874ms] [LOG]   hero_watch-video cc-3 playing @ https://www.bevel.health/zh:612
[  757709ms] [LOG]   hero_phone-video cc-3 finished (1/2) @ https://www.bevel.health/zh:598
[  757709ms] [LOG]   hero_watch-video cc-3 finished (2/2) @ https://www.bevel.health/zh:598
[  757709ms] [LOG] Playing pair 0: [hero_phone-video cc-1, hero_watch-video cc-1] @ https://www.bevel.health/zh:578
[  757710ms] [LOG]   Waiting for hero_phone-video cc-1 to load... @ https://www.bevel.health/zh:619
[  757710ms] [LOG]   Waiting for hero_watch-video cc-1 to load... @ https://www.bevel.health/zh:619
[  757735ms] [LOG]   hero_phone-video cc-1 playing @ https://www.bevel.health/zh:612
[  757735ms] [LOG]   hero_watch-video cc-1 playing @ https://www.bevel.health/zh:612
[  763039ms] [LOG]   hero_phone-video cc-1 finished (1/2) @ https://www.bevel.health/zh:598
[  763571ms] [LOG]   hero_watch-video cc-1 finished (2/2) @ https://www.bevel.health/zh:598
[  763571ms] [LOG] Playing pair 1: [hero_phone-video cc-2, hero_watch-video cc-2] @ https://www.bevel.health/zh:578
[  763572ms] [LOG]   Waiting for hero_phone-video cc-2 to load... @ https://www.bevel.health/zh:619
[  763572ms] [LOG]   Waiting for hero_watch-video cc-2 to load... @ https://www.bevel.health/zh:619
[  763598ms] [LOG]   hero_watch-video cc-2 playing @ https://www.bevel.health/zh:612
[  763598ms] [LOG]   hero_phone-video cc-2 playing @ https://www.bevel.health/zh:612
[  769428ms] [LOG]   hero_watch-video cc-2 finished (1/2) @ https://www.bevel.health/zh:598
[  769428ms] [LOG]   hero_phone-video cc-2 finished (2/2) @ https://www.bevel.health/zh:598
[  769429ms] [LOG] Playing pair 2: [hero_phone-video cc-3, hero_watch-video cc-3] @ https://www.bevel.health/zh:578
[  769429ms] [LOG]   Waiting for hero_phone-video cc-3 to load... @ https://www.bevel.health/zh:619
[  769429ms] [LOG]   Waiting for hero_watch-video cc-3 to load... @ https://www.bevel.health/zh:619
[  769451ms] [LOG]   hero_watch-video cc-3 playing @ https://www.bevel.health/zh:612
[  769451ms] [LOG]   hero_phone-video cc-3 playing @ https://www.bevel.health/zh:612
[  775290ms] [LOG]   hero_watch-video cc-3 finished (1/2) @ https://www.bevel.health/zh:598
[  775290ms] [LOG]   hero_phone-video cc-3 finished (2/2) @ https://www.bevel.health/zh:598
[  775290ms] [LOG] Playing pair 0: [hero_phone-video cc-1, hero_watch-video cc-1] @ https://www.bevel.health/zh:578
[  775290ms] [LOG]   Waiting for hero_phone-video cc-1 to load... @ https://www.bevel.health/zh:619
[  775290ms] [LOG]   Waiting for hero_watch-video cc-1 to load... @ https://www.bevel.health/zh:619
[  775314ms] [LOG]   hero_phone-video cc-1 playing @ https://www.bevel.health/zh:612
[  775315ms] [LOG]   hero_watch-video cc-1 playing @ https://www.bevel.health/zh:612
[  780617ms] [LOG]   hero_phone-video cc-1 finished (1/2) @ https://www.bevel.health/zh:598
[  781149ms] [LOG]   hero_watch-video cc-1 finished (2/2) @ https://www.bevel.health/zh:598
[  781149ms] [LOG] Playing pair 1: [hero_phone-video cc-2, hero_watch-video cc-2] @ https://www.bevel.health/zh:578
[  781149ms] [LOG]   Waiting for hero_phone-video cc-2 to load... @ https://www.bevel.health/zh:619
[  781150ms] [LOG]   Waiting for hero_watch-video cc-2 to load... @ https://www.bevel.health/zh:619
[  781176ms] [LOG]   hero_watch-video cc-2 playing @ https://www.bevel.health/zh:612
[  781178ms] [LOG]   hero_phone-video cc-2 playing @ https://www.bevel.health/zh:612
[  787008ms] [LOG]   hero_watch-video cc-2 finished (1/2) @ https://www.bevel.health/zh:598
[  787008ms] [LOG]   hero_phone-video cc-2 finished (2/2) @ https://www.bevel.health/zh:598
[  787008ms] [LOG] Playing pair 2: [hero_phone-video cc-3, hero_watch-video cc-3] @ https://www.bevel.health/zh:578
[  787009ms] [LOG]   Waiting for hero_phone-video cc-3 to load... @ https://www.bevel.health/zh:619
[  787009ms] [LOG]   Waiting for hero_watch-video cc-3 to load... @ https://www.bevel.health/zh:619
[  787032ms] [LOG]   hero_phone-video cc-3 playing @ https://www.bevel.health/zh:612
[  787032ms] [LOG]   hero_watch-video cc-3 playing @ https://www.bevel.health/zh:612
[  792867ms] [LOG]   hero_phone-video cc-3 finished (1/2) @ https://www.bevel.health/zh:598
[  792867ms] [LOG]   hero_watch-video cc-3 finished (2/2) @ https://www.bevel.health/zh:598
[  792867ms] [LOG] Playing pair 0: [hero_phone-video cc-1, hero_watch-video cc-1] @ https://www.bevel.health/zh:578
[  792867ms] [LOG]   Waiting for hero_phone-video cc-1 to load... @ https://www.bevel.health/zh:619
[  792867ms] [LOG]   Waiting for hero_watch-video cc-1 to load... @ https://www.bevel.health/zh:619
[  792883ms] [LOG]   hero_phone-video cc-1 playing @ https://www.bevel.health/zh:612
[  792883ms] [LOG]   hero_watch-video cc-1 playing @ https://www.bevel.health/zh:612
[  798195ms] [LOG]   hero_phone-video cc-1 finished (1/2) @ https://www.bevel.health/zh:598
[  798726ms] [LOG]   hero_watch-video cc-1 finished (2/2) @ https://www.bevel.health/zh:598
[  798726ms] [LOG] Playing pair 1: [hero_phone-video cc-2, hero_watch-video cc-2] @ https://www.bevel.health/zh:578
[  798726ms] [LOG]   Waiting for hero_phone-video cc-2 to load... @ https://www.bevel.health/zh:619
[  798727ms] [LOG]   Waiting for hero_watch-video cc-2 to load... @ https://www.bevel.health/zh:619
[  798747ms] [LOG]   hero_watch-video cc-2 playing @ https://www.bevel.health/zh:612
[  798747ms] [LOG]   hero_phone-video cc-2 playing @ https://www.bevel.health/zh:612
[  804585ms] [LOG]   hero_watch-video cc-2 finished (1/2) @ https://www.bevel.health/zh:598
[  804586ms] [LOG]   hero_phone-video cc-2 finished (2/2) @ https://www.bevel.health/zh:598
[  804586ms] [LOG] Playing pair 2: [hero_phone-video cc-3, hero_watch-video cc-3] @ https://www.bevel.health/zh:578
[  804586ms] [LOG]   Waiting for hero_phone-video cc-3 to load... @ https://www.bevel.health/zh:619
[  804586ms] [LOG]   Waiting for hero_watch-video cc-3 to load... @ https://www.bevel.health/zh:619
[  804609ms] [LOG]   hero_phone-video cc-3 playing @ https://www.bevel.health/zh:612
[  804609ms] [LOG]   hero_watch-video cc-3 playing @ https://www.bevel.health/zh:612
[  810446ms] [LOG]   hero_phone-video cc-3 finished (1/2) @ https://www.bevel.health/zh:598
[  810446ms] [LOG]   hero_watch-video cc-3 finished (2/2) @ https://www.bevel.health/zh:598
[  810446ms] [LOG] Playing pair 0: [hero_phone-video cc-1, hero_watch-video cc-1] @ https://www.bevel.health/zh:578
[  810446ms] [LOG]   Waiting for hero_phone-video cc-1 to load... @ https://www.bevel.health/zh:619
[  810447ms] [LOG]   Waiting for hero_watch-video cc-1 to load... @ https://www.bevel.health/zh:619
[  810472ms] [LOG]   hero_phone-video cc-1 playing @ https://www.bevel.health/zh:612
[  810472ms] [LOG]   hero_watch-video cc-1 playing @ https://www.bevel.health/zh:612
[  815775ms] [LOG]   hero_phone-video cc-1 finished (1/2) @ https://www.bevel.health/zh:598
[  816305ms] [LOG]   hero_watch-video cc-1 finished (2/2) @ https://www.bevel.health/zh:598
[  816305ms] [LOG] Playing pair 1: [hero_phone-video cc-2, hero_watch-video cc-2] @ https://www.bevel.health/zh:578
[  816305ms] [LOG]   Waiting for hero_phone-video cc-2 to load... @ https://www.bevel.health/zh:619
[  816306ms] [LOG]   Waiting for hero_watch-video cc-2 to load... @ https://www.bevel.health/zh:619
[  816335ms] [LOG]   hero_phone-video cc-2 playing @ https://www.bevel.health/zh:612
[  816336ms] [LOG]   hero_watch-video cc-2 playing @ https://www.bevel.health/zh:612
[  822179ms] [LOG]   hero_phone-video cc-2 finished (1/2) @ https://www.bevel.health/zh:598
[  822180ms] [LOG]   hero_watch-video cc-2 finished (2/2) @ https://www.bevel.health/zh:598
[  822180ms] [LOG] Playing pair 2: [hero_phone-video cc-3, hero_watch-video cc-3] @ https://www.bevel.health/zh:578
[  822180ms] [LOG]   Waiting for hero_phone-video cc-3 to load... @ https://www.bevel.health/zh:619
[  822180ms] [LOG]   Waiting for hero_watch-video cc-3 to load... @ https://www.bevel.health/zh:619
[  822206ms] [LOG]   hero_phone-video cc-3 playing @ https://www.bevel.health/zh:612
[  822206ms] [LOG]   hero_watch-video cc-3 playing @ https://www.bevel.health/zh:612
[  828040ms] [LOG]   hero_phone-video cc-3 finished (1/2) @ https://www.bevel.health/zh:598
[  828041ms] [LOG]   hero_watch-video cc-3 finished (2/2) @ https://www.bevel.health/zh:598
[  828041ms] [LOG] Playing pair 0: [hero_phone-video cc-1, hero_watch-video cc-1] @ https://www.bevel.health/zh:578
[  828041ms] [LOG]   Waiting for hero_phone-video cc-1 to load... @ https://www.bevel.health/zh:619
[  828041ms] [LOG]   Waiting for hero_watch-video cc-1 to load... @ https://www.bevel.health/zh:619
[  828065ms] [LOG]   hero_watch-video cc-1 playing @ https://www.bevel.health/zh:612
[  828065ms] [LOG]   hero_phone-video cc-1 playing @ https://www.bevel.health/zh:612
[  833367ms] [LOG]   hero_phone-video cc-1 finished (1/2) @ https://www.bevel.health/zh:598
[  833898ms] [LOG]   hero_watch-video cc-1 finished (2/2) @ https://www.bevel.health/zh:598
[  833898ms] [LOG] Playing pair 1: [hero_phone-video cc-2, hero_watch-video cc-2] @ https://www.bevel.health/zh:578
[  833898ms] [LOG]   Waiting for hero_phone-video cc-2 to load... @ https://www.bevel.health/zh:619
[  833899ms] [LOG]   Waiting for hero_watch-video cc-2 to load... @ https://www.bevel.health/zh:619
[  833927ms] [LOG]   hero_watch-video cc-2 playing @ https://www.bevel.health/zh:612
[  833928ms] [LOG]   hero_phone-video cc-2 playing @ https://www.bevel.health/zh:612
[  839759ms] [LOG]   hero_watch-video cc-2 finished (1/2) @ https://www.bevel.health/zh:598
[  839759ms] [LOG]   hero_phone-video cc-2 finished (2/2) @ https://www.bevel.health/zh:598
[  839759ms] [LOG] Playing pair 2: [hero_phone-video cc-3, hero_watch-video cc-3] @ https://www.bevel.health/zh:578
[  839759ms] [LOG]   Waiting for hero_phone-video cc-3 to load... @ https://www.bevel.health/zh:619
[  839759ms] [LOG]   Waiting for hero_watch-video cc-3 to load... @ https://www.bevel.health/zh:619
[  839776ms] [LOG]   hero_phone-video cc-3 playing @ https://www.bevel.health/zh:612
[  839778ms] [LOG]   hero_watch-video cc-3 playing @ https://www.bevel.health/zh:612
[  845619ms] [LOG]   hero_phone-video cc-3 finished (1/2) @ https://www.bevel.health/zh:598
[  845619ms] [LOG]   hero_watch-video cc-3 finished (2/2) @ https://www.bevel.health/zh:598
[  845619ms] [LOG] Playing pair 0: [hero_phone-video cc-1, hero_watch-video cc-1] @ https://www.bevel.health/zh:578
[  845620ms] [LOG]   Waiting for hero_phone-video cc-1 to load... @ https://www.bevel.health/zh:619
[  845620ms] [LOG]   Waiting for hero_watch-video cc-1 to load... @ https://www.bevel.health/zh:619
[  845645ms] [LOG]   hero_phone-video cc-1 playing @ https://www.bevel.health/zh:612
[  845645ms] [LOG]   hero_watch-video cc-1 playing @ https://www.bevel.health/zh:612
[  850946ms] [LOG]   hero_phone-video cc-1 finished (1/2) @ https://www.bevel.health/zh:598
[  851477ms] [LOG]   hero_watch-video cc-1 finished (2/2) @ https://www.bevel.health/zh:598
[  851477ms] [LOG] Playing pair 1: [hero_phone-video cc-2, hero_watch-video cc-2] @ https://www.bevel.health/zh:578
[  851477ms] [LOG]   Waiting for hero_phone-video cc-2 to load... @ https://www.bevel.health/zh:619
[  851477ms] [LOG]   Waiting for hero_watch-video cc-2 to load... @ https://www.bevel.health/zh:619
[  851491ms] [LOG]   hero_phone-video cc-2 playing @ https://www.bevel.health/zh:612
[  851491ms] [LOG]   hero_watch-video cc-2 playing @ https://www.bevel.health/zh:612
[  857322ms] [LOG]   hero_phone-video cc-2 finished (1/2) @ https://www.bevel.health/zh:598
[  857322ms] [LOG]   hero_watch-video cc-2 finished (2/2) @ https://www.bevel.health/zh:598
[  857323ms] [LOG] Playing pair 2: [hero_phone-video cc-3, hero_watch-video cc-3] @ https://www.bevel.health/zh:578
[  857323ms] [LOG]   Waiting for hero_phone-video cc-3 to load... @ https://www.bevel.health/zh:619
[  857323ms] [LOG]   Waiting for hero_watch-video cc-3 to load... @ https://www.bevel.health/zh:619
[  857347ms] [LOG]   hero_phone-video cc-3 playing @ https://www.bevel.health/zh:612
[  857347ms] [LOG]   hero_watch-video cc-3 playing @ https://www.bevel.health/zh:612
[  863181ms] [LOG]   hero_phone-video cc-3 finished (1/2) @ https://www.bevel.health/zh:598
[  863181ms] [LOG]   hero_watch-video cc-3 finished (2/2) @ https://www.bevel.health/zh:598
[  863181ms] [LOG] Playing pair 0: [hero_phone-video cc-1, hero_watch-video cc-1] @ https://www.bevel.health/zh:578
[  863181ms] [LOG]   Waiting for hero_phone-video cc-1 to load... @ https://www.bevel.health/zh:619
[  863181ms] [LOG]   Waiting for hero_watch-video cc-1 to load... @ https://www.bevel.health/zh:619
[  863203ms] [LOG]   hero_phone-video cc-1 playing @ https://www.bevel.health/zh:612
[  863203ms] [LOG]   hero_watch-video cc-1 playing @ https://www.bevel.health/zh:612
[  868509ms] [LOG]   hero_phone-video cc-1 finished (1/2) @ https://www.bevel.health/zh:598
[  869041ms] [LOG]   hero_watch-video cc-1 finished (2/2) @ https://www.bevel.health/zh:598
[  869041ms] [LOG] Playing pair 1: [hero_phone-video cc-2, hero_watch-video cc-2] @ https://www.bevel.health/zh:578
[  869041ms] [LOG]   Waiting for hero_phone-video cc-2 to load... @ https://www.bevel.health/zh:619
[  869041ms] [LOG]   Waiting for hero_watch-video cc-2 to load... @ https://www.bevel.health/zh:619
[  869061ms] [LOG]   hero_phone-video cc-2 playing @ https://www.bevel.health/zh:612
[  869061ms] [LOG]   hero_watch-video cc-2 playing @ https://www.bevel.health/zh:612
[  874900ms] [LOG]   hero_phone-video cc-2 finished (1/2) @ https://www.bevel.health/zh:598
[  874900ms] [LOG]   hero_watch-video cc-2 finished (2/2) @ https://www.bevel.health/zh:598
[  874900ms] [LOG] Playing pair 2: [hero_phone-video cc-3, hero_watch-video cc-3] @ https://www.bevel.health/zh:578
[  874900ms] [LOG]   Waiting for hero_phone-video cc-3 to load... @ https://www.bevel.health/zh:619
[  874901ms] [LOG]   Waiting for hero_watch-video cc-3 to load... @ https://www.bevel.health/zh:619
[  874922ms] [LOG]   hero_phone-video cc-3 playing @ https://www.bevel.health/zh:612
[  874922ms] [LOG]   hero_watch-video cc-3 playing @ https://www.bevel.health/zh:612
[  880759ms] [LOG]   hero_phone-video cc-3 finished (1/2) @ https://www.bevel.health/zh:598
[  880759ms] [LOG]   hero_watch-video cc-3 finished (2/2) @ https://www.bevel.health/zh:598
[  880759ms] [LOG] Playing pair 0: [hero_phone-video cc-1, hero_watch-video cc-1] @ https://www.bevel.health/zh:578
[  880759ms] [LOG]   Waiting for hero_phone-video cc-1 to load... @ https://www.bevel.health/zh:619
[  880759ms] [LOG]   Waiting for hero_watch-video cc-1 to load... @ https://www.bevel.health/zh:619
[  880780ms] [LOG]   hero_phone-video cc-1 playing @ https://www.bevel.health/zh:612
[  880782ms] [LOG]   hero_watch-video cc-1 playing @ https://www.bevel.health/zh:612
[  886088ms] [LOG]   hero_phone-video cc-1 finished (1/2) @ https://www.bevel.health/zh:598
[  886619ms] [LOG]   hero_watch-video cc-1 finished (2/2) @ https://www.bevel.health/zh:598
[  886619ms] [LOG] Playing pair 1: [hero_phone-video cc-2, hero_watch-video cc-2] @ https://www.bevel.health/zh:578
[  886620ms] [LOG]   Waiting for hero_phone-video cc-2 to load... @ https://www.bevel.health/zh:619
[  886620ms] [LOG]   Waiting for hero_watch-video cc-2 to load... @ https://www.bevel.health/zh:619
[  886647ms] [LOG]   hero_watch-video cc-2 playing @ https://www.bevel.health/zh:612
[  886648ms] [LOG]   hero_phone-video cc-2 playing @ https://www.bevel.health/zh:612
[  892477ms] [LOG]   hero_watch-video cc-2 finished (1/2) @ https://www.bevel.health/zh:598
[  892492ms] [LOG]   hero_phone-video cc-2 finished (2/2) @ https://www.bevel.health/zh:598
[  892492ms] [LOG] Playing pair 2: [hero_phone-video cc-3, hero_watch-video cc-3] @ https://www.bevel.health/zh:578
[  892493ms] [LOG]   Waiting for hero_phone-video cc-3 to load... @ https://www.bevel.health/zh:619
[  892493ms] [LOG]   Waiting for hero_watch-video cc-3 to load... @ https://www.bevel.health/zh:619
[  892515ms] [LOG]   hero_phone-video cc-3 playing @ https://www.bevel.health/zh:612
[  892522ms] [LOG]   hero_watch-video cc-3 playing @ https://www.bevel.health/zh:612
[  898354ms] [LOG]   hero_phone-video cc-3 finished (1/2) @ https://www.bevel.health/zh:598
[  898354ms] [LOG]   hero_watch-video cc-3 finished (2/2) @ https://www.bevel.health/zh:598
[  898354ms] [LOG] Playing pair 0: [hero_phone-video cc-1, hero_watch-video cc-1] @ https://www.bevel.health/zh:578
[  898354ms] [LOG]   Waiting for hero_phone-video cc-1 to load... @ https://www.bevel.health/zh:619
[  898355ms] [LOG]   Waiting for hero_watch-video cc-1 to load... @ https://www.bevel.health/zh:619
[  898377ms] [LOG]   hero_phone-video cc-1 playing @ https://www.bevel.health/zh:612
[  898379ms] [LOG]   hero_watch-video cc-1 playing @ https://www.bevel.health/zh:612
[  903681ms] [LOG]   hero_phone-video cc-1 finished (1/2) @ https://www.bevel.health/zh:598
[  904212ms] [LOG]   hero_watch-video cc-1 finished (2/2) @ https://www.bevel.health/zh:598
[  904212ms] [LOG] Playing pair 1: [hero_phone-video cc-2, hero_watch-video cc-2] @ https://www.bevel.health/zh:578
[  904212ms] [LOG]   Waiting for hero_phone-video cc-2 to load... @ https://www.bevel.health/zh:619
[  904212ms] [LOG]   Waiting for hero_watch-video cc-2 to load... @ https://www.bevel.health/zh:619
[  904230ms] [LOG]   hero_watch-video cc-2 playing @ https://www.bevel.health/zh:612
[  904230ms] [LOG]   hero_phone-video cc-2 playing @ https://www.bevel.health/zh:612
[  910072ms] [LOG]   hero_watch-video cc-2 finished (1/2) @ https://www.bevel.health/zh:598
[  910073ms] [LOG]   hero_phone-video cc-2 finished (2/2) @ https://www.bevel.health/zh:598
[  910073ms] [LOG] Playing pair 2: [hero_phone-video cc-3, hero_watch-video cc-3] @ https://www.bevel.health/zh:578
[  910073ms] [LOG]   Waiting for hero_phone-video cc-3 to load... @ https://www.bevel.health/zh:619
[  910073ms] [LOG]   Waiting for hero_watch-video cc-3 to load... @ https://www.bevel.health/zh:619
[  910097ms] [LOG]   hero_phone-video cc-3 playing @ https://www.bevel.health/zh:612
[  910097ms] [LOG]   hero_watch-video cc-3 playing @ https://www.bevel.health/zh:612
[  915931ms] [LOG]   hero_phone-video cc-3 finished (1/2) @ https://www.bevel.health/zh:598
[  915931ms] [LOG]   hero_watch-video cc-3 finished (2/2) @ https://www.bevel.health/zh:598
[  915931ms] [LOG] Playing pair 0: [hero_phone-video cc-1, hero_watch-video cc-1] @ https://www.bevel.health/zh:578
[  915932ms] [LOG]   Waiting for hero_phone-video cc-1 to load... @ https://www.bevel.health/zh:619
[  915932ms] [LOG]   Waiting for hero_watch-video cc-1 to load... @ https://www.bevel.health/zh:619
[  915955ms] [LOG]   hero_watch-video cc-1 playing @ https://www.bevel.health/zh:612
[  915956ms] [LOG]   hero_phone-video cc-1 playing @ https://www.bevel.health/zh:612
[  921260ms] [LOG]   hero_phone-video cc-1 finished (1/2) @ https://www.bevel.health/zh:598
[  921791ms] [LOG]   hero_watch-video cc-1 finished (2/2) @ https://www.bevel.health/zh:598
[  921791ms] [LOG] Playing pair 1: [hero_phone-video cc-2, hero_watch-video cc-2] @ https://www.bevel.health/zh:578
[  921791ms] [LOG]   Waiting for hero_phone-video cc-2 to load... @ https://www.bevel.health/zh:619
[  921791ms] [LOG]   Waiting for hero_watch-video cc-2 to load... @ https://www.bevel.health/zh:619
[  921805ms] [LOG]   hero_watch-video cc-2 playing @ https://www.bevel.health/zh:612
[  921805ms] [LOG]   hero_phone-video cc-2 playing @ https://www.bevel.health/zh:612
[  927650ms] [LOG]   hero_watch-video cc-2 finished (1/2) @ https://www.bevel.health/zh:598
[  927650ms] [LOG]   hero_phone-video cc-2 finished (2/2) @ https://www.bevel.health/zh:598
[  927651ms] [LOG] Playing pair 2: [hero_phone-video cc-3, hero_watch-video cc-3] @ https://www.bevel.health/zh:578
[  927651ms] [LOG]   Waiting for hero_phone-video cc-3 to load... @ https://www.bevel.health/zh:619
[  927651ms] [LOG]   Waiting for hero_watch-video cc-3 to load... @ https://www.bevel.health/zh:619
[  927668ms] [LOG]   hero_phone-video cc-3 playing @ https://www.bevel.health/zh:612
[  927670ms] [LOG]   hero_watch-video cc-3 playing @ https://www.bevel.health/zh:612
[  933509ms] [LOG]   hero_phone-video cc-3 finished (1/2) @ https://www.bevel.health/zh:598
[  933509ms] [LOG]   hero_watch-video cc-3 finished (2/2) @ https://www.bevel.health/zh:598
[  933509ms] [LOG] Playing pair 0: [hero_phone-video cc-1, hero_watch-video cc-1] @ https://www.bevel.health/zh:578
[  933510ms] [LOG]   Waiting for hero_phone-video cc-1 to load... @ https://www.bevel.health/zh:619
[  933510ms] [LOG]   Waiting for hero_watch-video cc-1 to load... @ https://www.bevel.health/zh:619
[  933529ms] [LOG]   hero_phone-video cc-1 playing @ https://www.bevel.health/zh:612
[  933530ms] [LOG]   hero_watch-video cc-1 playing @ https://www.bevel.health/zh:612
[  938839ms] [LOG]   hero_phone-video cc-1 finished (1/2) @ https://www.bevel.health/zh:598
[  939370ms] [LOG]   hero_watch-video cc-1 finished (2/2) @ https://www.bevel.health/zh:598
[  939370ms] [LOG] Playing pair 1: [hero_phone-video cc-2, hero_watch-video cc-2] @ https://www.bevel.health/zh:578
[  939370ms] [LOG]   Waiting for hero_phone-video cc-2 to load... @ https://www.bevel.health/zh:619
[  939371ms] [LOG]   Waiting for hero_watch-video cc-2 to load... @ https://www.bevel.health/zh:619
[  939399ms] [LOG]   hero_watch-video cc-2 playing @ https://www.bevel.health/zh:612
[  939399ms] [LOG]   hero_phone-video cc-2 playing @ https://www.bevel.health/zh:612
[  945243ms] [LOG]   hero_watch-video cc-2 finished (1/2) @ https://www.bevel.health/zh:598
[  945244ms] [LOG]   hero_phone-video cc-2 finished (2/2) @ https://www.bevel.health/zh:598
[  945244ms] [LOG] Playing pair 2: [hero_phone-video cc-3, hero_watch-video cc-3] @ https://www.bevel.health/zh:578
[  945244ms] [LOG]   Waiting for hero_phone-video cc-3 to load... @ https://www.bevel.health/zh:619
[  945244ms] [LOG]   Waiting for hero_watch-video cc-3 to load... @ https://www.bevel.health/zh:619
[  945264ms] [LOG]   hero_phone-video cc-3 playing @ https://www.bevel.health/zh:612
[  945265ms] [LOG]   hero_watch-video cc-3 playing @ https://www.bevel.health/zh:612
[  951103ms] [LOG]   hero_phone-video cc-3 finished (1/2) @ https://www.bevel.health/zh:598
[  951103ms] [LOG]   hero_watch-video cc-3 finished (2/2) @ https://www.bevel.health/zh:598
[  951103ms] [LOG] Playing pair 0: [hero_phone-video cc-1, hero_watch-video cc-1] @ https://www.bevel.health/zh:578
[  951103ms] [LOG]   Waiting for hero_phone-video cc-1 to load... @ https://www.bevel.health/zh:619
[  951104ms] [LOG]   Waiting for hero_watch-video cc-1 to load... @ https://www.bevel.health/zh:619
[  951120ms] [LOG]   hero_phone-video cc-1 playing @ https://www.bevel.health/zh:612
[  951120ms] [LOG]   hero_watch-video cc-1 playing @ https://www.bevel.health/zh:612
[  956431ms] [LOG]   hero_phone-video cc-1 finished (1/2) @ https://www.bevel.health/zh:598
[  956963ms] [LOG]   hero_watch-video cc-1 finished (2/2) @ https://www.bevel.health/zh:598
[  956963ms] [LOG] Playing pair 1: [hero_phone-video cc-2, hero_watch-video cc-2] @ https://www.bevel.health/zh:578
[  956963ms] [LOG]   Waiting for hero_phone-video cc-2 to load... @ https://www.bevel.health/zh:619
[  956964ms] [LOG]   Waiting for hero_watch-video cc-2 to load... @ https://www.bevel.health/zh:619
[  956989ms] [LOG]   hero_watch-video cc-2 playing @ https://www.bevel.health/zh:612
[  956990ms] [LOG]   hero_phone-video cc-2 playing @ https://www.bevel.health/zh:612
[  962822ms] [LOG]   hero_watch-video cc-2 finished (1/2) @ https://www.bevel.health/zh:598
[  962822ms] [LOG]   hero_phone-video cc-2 finished (2/2) @ https://www.bevel.health/zh:598
[  962822ms] [LOG] Playing pair 2: [hero_phone-video cc-3, hero_watch-video cc-3] @ https://www.bevel.health/zh:578
[  962822ms] [LOG]   Waiting for hero_phone-video cc-3 to load... @ https://www.bevel.health/zh:619
[  962822ms] [LOG]   Waiting for hero_watch-video cc-3 to load... @ https://www.bevel.health/zh:619
[  962839ms] [LOG]   hero_phone-video cc-3 playing @ https://www.bevel.health/zh:612
[  962839ms] [LOG]   hero_watch-video cc-3 playing @ https://www.bevel.health/zh:612
[  968681ms] [LOG]   hero_phone-video cc-3 finished (1/2) @ https://www.bevel.health/zh:598
[  968681ms] [LOG]   hero_watch-video cc-3 finished (2/2) @ https://www.bevel.health/zh:598
[  968681ms] [LOG] Playing pair 0: [hero_phone-video cc-1, hero_watch-video cc-1] @ https://www.bevel.health/zh:578
[  968681ms] [LOG]   Waiting for hero_phone-video cc-1 to load... @ https://www.bevel.health/zh:619
[  968682ms] [LOG]   Waiting for hero_watch-video cc-1 to load... @ https://www.bevel.health/zh:619
[  968700ms] [LOG]   hero_watch-video cc-1 playing @ https://www.bevel.health/zh:612
[  968700ms] [LOG]   hero_phone-video cc-1 playing @ https://www.bevel.health/zh:612
[  974009ms] [LOG]   hero_phone-video cc-1 finished (1/2) @ https://www.bevel.health/zh:598
[  974542ms] [LOG]   hero_watch-video cc-1 finished (2/2) @ https://www.bevel.health/zh:598
[  974542ms] [LOG] Playing pair 1: [hero_phone-video cc-2, hero_watch-video cc-2] @ https://www.bevel.health/zh:578
[  974542ms] [LOG]   Waiting for hero_phone-video cc-2 to load... @ https://www.bevel.health/zh:619
[  974542ms] [LOG]   Waiting for hero_watch-video cc-2 to load... @ https://www.bevel.health/zh:619
[  974563ms] [LOG]   hero_watch-video cc-2 playing @ https://www.bevel.health/zh:612
[  974564ms] [LOG]   hero_phone-video cc-2 playing @ https://www.bevel.health/zh:612
[  980400ms] [LOG]   hero_watch-video cc-2 finished (1/2) @ https://www.bevel.health/zh:598
[  980400ms] [LOG]   hero_phone-video cc-2 finished (2/2) @ https://www.bevel.health/zh:598
[  980400ms] [LOG] Playing pair 2: [hero_phone-video cc-3, hero_watch-video cc-3] @ https://www.bevel.health/zh:578
[  980401ms] [LOG]   Waiting for hero_phone-video cc-3 to load... @ https://www.bevel.health/zh:619
[  980401ms] [LOG]   Waiting for hero_watch-video cc-3 to load... @ https://www.bevel.health/zh:619
[  980420ms] [LOG]   hero_phone-video cc-3 playing @ https://www.bevel.health/zh:612
[  980422ms] [LOG]   hero_watch-video cc-3 playing @ https://www.bevel.health/zh:612
[  986259ms] [LOG]   hero_phone-video cc-3 finished (1/2) @ https://www.bevel.health/zh:598
[  986259ms] [LOG]   hero_watch-video cc-3 finished (2/2) @ https://www.bevel.health/zh:598
[  986259ms] [LOG] Playing pair 0: [hero_phone-video cc-1, hero_watch-video cc-1] @ https://www.bevel.health/zh:578
[  986259ms] [LOG]   Waiting for hero_phone-video cc-1 to load... @ https://www.bevel.health/zh:619
[  986260ms] [LOG]   Waiting for hero_watch-video cc-1 to load... @ https://www.bevel.health/zh:619
[  986279ms] [LOG]   hero_phone-video cc-1 playing @ https://www.bevel.health/zh:612
[  986279ms] [LOG]   hero_watch-video cc-1 playing @ https://www.bevel.health/zh:612
[  997078ms] The play() request was interrupted by a call to pause(). https://goo.gl/LdLk22
[ 1003945ms] [LOG] [VideoTabs] In view @ https://www.bevel.health/zh:1009
[ 1003945ms] [LOG] [VideoTabs] ▶ activateTab(0) (prev: -1) @ https://www.bevel.health/zh:892
[ 1003946ms] [LOG] [VideoTabs] Loaded source for video 0 @ https://www.bevel.health/zh:844
[ 1004363ms] [LOG] [VideoTabs] Video 0 ready — duration: 12.55s, readyState: 3 @ https://www.bevel.health/zh:937
[ 1004364ms] [LOG] [VideoTabs] Video 0 playing @ https://www.bevel.health/zh:924
[ 1004364ms] [LOG] [VideoTabs] Ring 0: 12.55s @ https://www.bevel.health/zh:873
[ 1007461ms] [LOG] [VideoTabs] Out of view @ https://www.bevel.health/zh:1023
[ 1009311ms] [LOG] [VideoTabs] In view @ https://www.bevel.health/zh:1009
[ 1009561ms] [LOG] [VideoTabs] Out of view @ https://www.bevel.health/zh:1023
[ 1013308ms] [LOG]   hero_phone-video cc-1 finished (1/2) @ https://www.bevel.health/zh:598
[ 1014635ms] [LOG]   hero_watch-video cc-1 finished (2/2) @ https://www.bevel.health/zh:598
[ 1014635ms] [LOG] Playing pair 1: [hero_phone-video cc-2, hero_watch-video cc-2] @ https://www.bevel.health/zh:578
[ 1014636ms] [LOG]   Waiting for hero_phone-video cc-2 to load... @ https://www.bevel.health/zh:619
[ 1014636ms] [LOG]   Waiting for hero_watch-video cc-2 to load... @ https://www.bevel.health/zh:619
[ 1014666ms] [LOG]   hero_watch-video cc-2 playing @ https://www.bevel.health/zh:612
[ 1014671ms] [LOG]   hero_phone-video cc-2 playing @ https://www.bevel.health/zh:612
[ 1020510ms] [LOG]   hero_watch-video cc-2 finished (1/2) @ https://www.bevel.health/zh:598
[ 1020510ms] [LOG]   hero_phone-video cc-2 finished (2/2) @ https://www.bevel.health/zh:598
[ 1020510ms] [LOG] Playing pair 2: [hero_phone-video cc-3, hero_watch-video cc-3] @ https://www.bevel.health/zh:578
[ 1020510ms] [LOG]   Waiting for hero_phone-video cc-3 to load... @ https://www.bevel.health/zh:619
[ 1020510ms] [LOG]   Waiting for hero_watch-video cc-3 to load... @ https://www.bevel.health/zh:619
[ 1020527ms] [LOG]   hero_watch-video cc-3 playing @ https://www.bevel.health/zh:612
[ 1020530ms] [LOG]   hero_phone-video cc-3 playing @ https://www.bevel.health/zh:612
[ 1026370ms] [LOG]   hero_watch-video cc-3 finished (1/2) @ https://www.bevel.health/zh:598
[ 1026370ms] [LOG]   hero_phone-video cc-3 finished (2/2) @ https://www.bevel.health/zh:598
[ 1026370ms] [LOG] Playing pair 0: [hero_phone-video cc-1, hero_watch-video cc-1] @ https://www.bevel.health/zh:578
[ 1026371ms] [LOG]   Waiting for hero_phone-video cc-1 to load... @ https://www.bevel.health/zh:619
[ 1026371ms] [LOG]   Waiting for hero_watch-video cc-1 to load... @ https://www.bevel.health/zh:619
[ 1026397ms] [LOG]   hero_phone-video cc-1 playing @ https://www.bevel.health/zh:612
[ 1026397ms] [LOG]   hero_watch-video cc-1 playing @ https://www.bevel.health/zh:612
[ 1031698ms] [LOG]   hero_phone-video cc-1 finished (1/2) @ https://www.bevel.health/zh:598
[ 1032228ms] [LOG]   hero_watch-video cc-1 finished (2/2) @ https://www.bevel.health/zh:598
[ 1032228ms] [LOG] Playing pair 1: [hero_phone-video cc-2, hero_watch-video cc-2] @ https://www.bevel.health/zh:578
[ 1032229ms] [LOG]   Waiting for hero_phone-video cc-2 to load... @ https://www.bevel.health/zh:619
[ 1032229ms] [LOG]   Waiting for hero_watch-video cc-2 to load... @ https://www.bevel.health/zh:619
[ 1032255ms] [LOG]   hero_watch-video cc-2 playing @ https://www.bevel.health/zh:612
[ 1032255ms] [LOG]   hero_phone-video cc-2 playing @ https://www.bevel.health/zh:612
[ 1038090ms] [LOG]   hero_watch-video cc-2 finished (1/2) @ https://www.bevel.health/zh:598
[ 1038090ms] [LOG]   hero_phone-video cc-2 finished (2/2) @ https://www.bevel.health/zh:598
[ 1038090ms] [LOG] Playing pair 2: [hero_phone-video cc-3, hero_watch-video cc-3] @ https://www.bevel.health/zh:578
[ 1038090ms] [LOG]   Waiting for hero_phone-video cc-3 to load... @ https://www.bevel.health/zh:619
[ 1038091ms] [LOG]   Waiting for hero_watch-video cc-3 to load... @ https://www.bevel.health/zh:619
[ 1038112ms] [LOG]   hero_phone-video cc-3 playing @ https://www.bevel.health/zh:612
[ 1038114ms] [LOG]   hero_watch-video cc-3 playing @ https://www.bevel.health/zh:612
[ 1043947ms] [LOG]   hero_phone-video cc-3 finished (1/2) @ https://www.bevel.health/zh:598
[ 1043947ms] [LOG]   hero_watch-video cc-3 finished (2/2) @ https://www.bevel.health/zh:598
[ 1043947ms] [LOG] Playing pair 0: [hero_phone-video cc-1, hero_watch-video cc-1] @ https://www.bevel.health/zh:578
[ 1043948ms] [LOG]   Waiting for hero_phone-video cc-1 to load... @ https://www.bevel.health/zh:619
[ 1043948ms] [LOG]   Waiting for hero_watch-video cc-1 to load... @ https://www.bevel.health/zh:619
[ 1043972ms] [LOG]   hero_phone-video cc-1 playing @ https://www.bevel.health/zh:612
[ 1043974ms] [LOG]   hero_watch-video cc-1 playing @ https://www.bevel.health/zh:612
[ 1049278ms] [LOG]   hero_phone-video cc-1 finished (1/2) @ https://www.bevel.health/zh:598
[ 1049808ms] [LOG]   hero_watch-video cc-1 finished (2/2) @ https://www.bevel.health/zh:598
[ 1049808ms] [LOG] Playing pair 1: [hero_phone-video cc-2, hero_watch-video cc-2] @ https://www.bevel.health/zh:578
[ 1049808ms] [LOG]   Waiting for hero_phone-video cc-2 to load... @ https://www.bevel.health/zh:619
[ 1049809ms] [LOG]   Waiting for hero_watch-video cc-2 to load... @ https://www.bevel.health/zh:619
[ 1049833ms] [LOG]   hero_watch-video cc-2 playing @ https://www.bevel.health/zh:612
[ 1049833ms] [LOG]   hero_phone-video cc-2 playing @ https://www.bevel.health/zh:612
[ 1055667ms] [LOG]   hero_watch-video cc-2 finished (1/2) @ https://www.bevel.health/zh:598
[ 1055667ms] [LOG]   hero_phone-video cc-2 finished (2/2) @ https://www.bevel.health/zh:598
[ 1055667ms] [LOG] Playing pair 2: [hero_phone-video cc-3, hero_watch-video cc-3] @ https://www.bevel.health/zh:578
[ 1055667ms] [LOG]   Waiting for hero_phone-video cc-3 to load... @ https://www.bevel.health/zh:619
[ 1055668ms] [LOG]   Waiting for hero_watch-video cc-3 to load... @ https://www.bevel.health/zh:619
[ 1055691ms] [LOG]   hero_phone-video cc-3 playing @ https://www.bevel.health/zh:612
[ 1055691ms] [LOG]   hero_watch-video cc-3 playing @ https://www.bevel.health/zh:612
[ 1061526ms] [LOG]   hero_phone-video cc-3 finished (1/2) @ https://www.bevel.health/zh:598
[ 1061527ms] [LOG]   hero_watch-video cc-3 finished (2/2) @ https://www.bevel.health/zh:598
[ 1061527ms] [LOG] Playing pair 0: [hero_phone-video cc-1, hero_watch-video cc-1] @ https://www.bevel.health/zh:578
[ 1061527ms] [LOG]   Waiting for hero_phone-video cc-1 to load... @ https://www.bevel.health/zh:619
[ 1061528ms] [LOG]   Waiting for hero_watch-video cc-1 to load... @ https://www.bevel.health/zh:619
[ 1061552ms] [LOG]   hero_phone-video cc-1 playing @ https://www.bevel.health/zh:612
[ 1061555ms] [LOG]   hero_watch-video cc-1 playing @ https://www.bevel.health/zh:612
[ 1066856ms] [LOG]   hero_phone-video cc-1 finished (1/2) @ https://www.bevel.health/zh:598
[ 1067386ms] [LOG]   hero_watch-video cc-1 finished (2/2) @ https://www.bevel.health/zh:598
[ 1067386ms] [LOG] Playing pair 1: [hero_phone-video cc-2, hero_watch-video cc-2] @ https://www.bevel.health/zh:578
[ 1067386ms] [LOG]   Waiting for hero_phone-video cc-2 to load... @ https://www.bevel.health/zh:619
[ 1067387ms] [LOG]   Waiting for hero_watch-video cc-2 to load... @ https://www.bevel.health/zh:619
[ 1067407ms] [LOG]   hero_watch-video cc-2 playing @ https://www.bevel.health/zh:612
[ 1067408ms] [LOG]   hero_phone-video cc-2 playing @ https://www.bevel.health/zh:612
[ 1073246ms] [LOG]   hero_watch-video cc-2 finished (1/2) @ https://www.bevel.health/zh:598
[ 1073246ms] [LOG]   hero_phone-video cc-2 finished (2/2) @ https://www.bevel.health/zh:598
[ 1073246ms] [LOG] Playing pair 2: [hero_phone-video cc-3, hero_watch-video cc-3] @ https://www.bevel.health/zh:578
[ 1073246ms] [LOG]   Waiting for hero_phone-video cc-3 to load... @ https://www.bevel.health/zh:619
[ 1073247ms] [LOG]   Waiting for hero_watch-video cc-3 to load... @ https://www.bevel.health/zh:619
[ 1073272ms] [LOG]   hero_phone-video cc-3 playing @ https://www.bevel.health/zh:612
[ 1073273ms] [LOG]   hero_watch-video cc-3 playing @ https://www.bevel.health/zh:612
[ 1079104ms] [LOG]   hero_phone-video cc-3 finished (1/2) @ https://www.bevel.health/zh:598
[ 1079105ms] [LOG]   hero_watch-video cc-3 finished (2/2) @ https://www.bevel.health/zh:598
[ 1079105ms] [LOG] Playing pair 0: [hero_phone-video cc-1, hero_watch-video cc-1] @ https://www.bevel.health/zh:578
[ 1079105ms] [LOG]   Waiting for hero_phone-video cc-1 to load... @ https://www.bevel.health/zh:619
[ 1079105ms] [LOG]   Waiting for hero_watch-video cc-1 to load... @ https://www.bevel.health/zh:619
[ 1079131ms] [LOG]   hero_phone-video cc-1 playing @ https://www.bevel.health/zh:612
[ 1079132ms] [LOG]   hero_watch-video cc-1 playing @ https://www.bevel.health/zh:612
[ 1084432ms] [LOG]   hero_phone-video cc-1 finished (1/2) @ https://www.bevel.health/zh:598
[ 1084964ms] [LOG]   hero_watch-video cc-1 finished (2/2) @ https://www.bevel.health/zh:598
[ 1084964ms] [LOG] Playing pair 1: [hero_phone-video cc-2, hero_watch-video cc-2] @ https://www.bevel.health/zh:578
[ 1084964ms] [LOG]   Waiting for hero_phone-video cc-2 to load... @ https://www.bevel.health/zh:619
[ 1084965ms] [LOG]   Waiting for hero_watch-video cc-2 to load... @ https://www.bevel.health/zh:619
[ 1084988ms] [LOG]   hero_watch-video cc-2 playing @ https://www.bevel.health/zh:612
[ 1084988ms] [LOG]   hero_phone-video cc-2 playing @ https://www.bevel.health/zh:612
[ 1090824ms] [LOG]   hero_watch-video cc-2 finished (1/2) @ https://www.bevel.health/zh:598
[ 1090824ms] [LOG]   hero_phone-video cc-2 finished (2/2) @ https://www.bevel.health/zh:598
[ 1090824ms] [LOG] Playing pair 2: [hero_phone-video cc-3, hero_watch-video cc-3] @ https://www.bevel.health/zh:578
[ 1090825ms] [LOG]   Waiting for hero_phone-video cc-3 to load... @ https://www.bevel.health/zh:619
[ 1090825ms] [LOG]   Waiting for hero_watch-video cc-3 to load... @ https://www.bevel.health/zh:619
[ 1090848ms] [LOG]   hero_phone-video cc-3 playing @ https://www.bevel.health/zh:612
[ 1090848ms] [LOG]   hero_watch-video cc-3 playing @ https://www.bevel.health/zh:612
[ 1096683ms] [LOG]   hero_phone-video cc-3 finished (1/2) @ https://www.bevel.health/zh:598
[ 1096683ms] [LOG]   hero_watch-video cc-3 finished (2/2) @ https://www.bevel.health/zh:598
[ 1096683ms] [LOG] Playing pair 0: [hero_phone-video cc-1, hero_watch-video cc-1] @ https://www.bevel.health/zh:578
[ 1096683ms] [LOG]   Waiting for hero_phone-video cc-1 to load... @ https://www.bevel.health/zh:619
[ 1096683ms] [LOG]   Waiting for hero_watch-video cc-1 to load... @ https://www.bevel.health/zh:619
[ 1096706ms] [LOG]   hero_watch-video cc-1 playing @ https://www.bevel.health/zh:612
[ 1096706ms] [LOG]   hero_phone-video cc-1 playing @ https://www.bevel.health/zh:612
[ 1102012ms] [LOG]   hero_phone-video cc-1 finished (1/2) @ https://www.bevel.health/zh:598
[ 1102543ms] [LOG]   hero_watch-video cc-1 finished (2/2) @ https://www.bevel.health/zh:598
[ 1102543ms] [LOG] Playing pair 1: [hero_phone-video cc-2, hero_watch-video cc-2] @ https://www.bevel.health/zh:578
[ 1102543ms] [LOG]   Waiting for hero_phone-video cc-2 to load... @ https://www.bevel.health/zh:619
[ 1102544ms] [LOG]   Waiting for hero_watch-video cc-2 to load... @ https://www.bevel.health/zh:619
[ 1102571ms] [LOG]   hero_watch-video cc-2 playing @ https://www.bevel.health/zh:612
[ 1102572ms] [LOG]   hero_phone-video cc-2 playing @ https://www.bevel.health/zh:612
[ 1108403ms] [LOG]   hero_watch-video cc-2 finished (1/2) @ https://www.bevel.health/zh:598
[ 1108403ms] [LOG]   hero_phone-video cc-2 finished (2/2) @ https://www.bevel.health/zh:598
[ 1108403ms] [LOG] Playing pair 2: [hero_phone-video cc-3, hero_watch-video cc-3] @ https://www.bevel.health/zh:578
[ 1108404ms] [LOG]   Waiting for hero_phone-video cc-3 to load... @ https://www.bevel.health/zh:619
[ 1108404ms] [LOG]   Waiting for hero_watch-video cc-3 to load... @ https://www.bevel.health/zh:619
[ 1108435ms] [LOG]   hero_phone-video cc-3 playing @ https://www.bevel.health/zh:612
[ 1108435ms] [LOG]   hero_watch-video cc-3 playing @ https://www.bevel.health/zh:612
[ 1114278ms] [LOG]   hero_phone-video cc-3 finished (1/2) @ https://www.bevel.health/zh:598
[ 1114279ms] [LOG]   hero_watch-video cc-3 finished (2/2) @ https://www.bevel.health/zh:598
[ 1114279ms] [LOG] Playing pair 0: [hero_phone-video cc-1, hero_watch-video cc-1] @ https://www.bevel.health/zh:578
[ 1114279ms] [LOG]   Waiting for hero_phone-video cc-1 to load... @ https://www.bevel.health/zh:619
[ 1114279ms] [LOG]   Waiting for hero_watch-video cc-1 to load... @ https://www.bevel.health/zh:619
[ 1114303ms] [LOG]   hero_phone-video cc-1 playing @ https://www.bevel.health/zh:612
[ 1114303ms] [LOG]   hero_watch-video cc-1 playing @ https://www.bevel.health/zh:612
[ 1119606ms] [LOG]   hero_phone-video cc-1 finished (1/2) @ https://www.bevel.health/zh:598
[ 1120137ms] [LOG]   hero_watch-video cc-1 finished (2/2) @ https://www.bevel.health/zh:598
[ 1120137ms] [LOG] Playing pair 1: [hero_phone-video cc-2, hero_watch-video cc-2] @ https://www.bevel.health/zh:578
[ 1120138ms] [LOG]   Waiting for hero_phone-video cc-2 to load... @ https://www.bevel.health/zh:619
[ 1120138ms] [LOG]   Waiting for hero_watch-video cc-2 to load... @ https://www.bevel.health/zh:619
[ 1120161ms] [LOG]   hero_watch-video cc-2 playing @ https://www.bevel.health/zh:612
[ 1120163ms] [LOG]   hero_phone-video cc-2 playing @ https://www.bevel.health/zh:612
[ 1125995ms] [LOG]   hero_watch-video cc-2 finished (1/2) @ https://www.bevel.health/zh:598
[ 1125995ms] [LOG]   hero_phone-video cc-2 finished (2/2) @ https://www.bevel.health/zh:598
[ 1125995ms] [LOG] Playing pair 2: [hero_phone-video cc-3, hero_watch-video cc-3] @ https://www.bevel.health/zh:578
[ 1125996ms] [LOG]   Waiting for hero_phone-video cc-3 to load... @ https://www.bevel.health/zh:619
[ 1125996ms] [LOG]   Waiting for hero_watch-video cc-3 to load... @ https://www.bevel.health/zh:619
[ 1126018ms] [LOG]   hero_phone-video cc-3 playing @ https://www.bevel.health/zh:612
[ 1126018ms] [LOG]   hero_watch-video cc-3 playing @ https://www.bevel.health/zh:612
[ 1131856ms] [LOG]   hero_phone-video cc-3 finished (1/2) @ https://www.bevel.health/zh:598
[ 1131856ms] [LOG]   hero_watch-video cc-3 finished (2/2) @ https://www.bevel.health/zh:598
[ 1131856ms] [LOG] Playing pair 0: [hero_phone-video cc-1, hero_watch-video cc-1] @ https://www.bevel.health/zh:578
[ 1131856ms] [LOG]   Waiting for hero_phone-video cc-1 to load... @ https://www.bevel.health/zh:619
[ 1131856ms] [LOG]   Waiting for hero_watch-video cc-1 to load... @ https://www.bevel.health/zh:619
[ 1131872ms] [LOG]   hero_phone-video cc-1 playing @ https://www.bevel.health/zh:612
[ 1131874ms] [LOG]   hero_watch-video cc-1 playing @ https://www.bevel.health/zh:612
[ 1137183ms] [LOG]   hero_phone-video cc-1 finished (1/2) @ https://www.bevel.health/zh:598
[ 1137715ms] [LOG]   hero_watch-video cc-1 finished (2/2) @ https://www.bevel.health/zh:598
[ 1137715ms] [LOG] Playing pair 1: [hero_phone-video cc-2, hero_watch-video cc-2] @ https://www.bevel.health/zh:578
[ 1137715ms] [LOG]   Waiting for hero_phone-video cc-2 to load... @ https://www.bevel.health/zh:619
[ 1137715ms] [LOG]   Waiting for hero_watch-video cc-2 to load... @ https://www.bevel.health/zh:619
[ 1137739ms] [LOG]   hero_watch-video cc-2 playing @ https://www.bevel.health/zh:612
[ 1137739ms] [LOG]   hero_phone-video cc-2 playing @ https://www.bevel.health/zh:612
[ 1143575ms] [LOG]   hero_watch-video cc-2 finished (1/2) @ https://www.bevel.health/zh:598
[ 1143576ms] [LOG]   hero_phone-video cc-2 finished (2/2) @ https://www.bevel.health/zh:598
[ 1143576ms] [LOG] Playing pair 2: [hero_phone-video cc-3, hero_watch-video cc-3] @ https://www.bevel.health/zh:578
[ 1143576ms] [LOG]   Waiting for hero_phone-video cc-3 to load... @ https://www.bevel.health/zh:619
[ 1143577ms] [LOG]   Waiting for hero_watch-video cc-3 to load... @ https://www.bevel.health/zh:619
[ 1143603ms] [LOG]   hero_phone-video cc-3 playing @ https://www.bevel.health/zh:612
[ 1143603ms] [LOG]   hero_watch-video cc-3 playing @ https://www.bevel.health/zh:612
[ 1149434ms] [LOG]   hero_phone-video cc-3 finished (1/2) @ https://www.bevel.health/zh:598
[ 1149434ms] [LOG]   hero_watch-video cc-3 finished (2/2) @ https://www.bevel.health/zh:598
[ 1149434ms] [LOG] Playing pair 0: [hero_phone-video cc-1, hero_watch-video cc-1] @ https://www.bevel.health/zh:578
[ 1149435ms] [LOG]   Waiting for hero_phone-video cc-1 to load... @ https://www.bevel.health/zh:619
[ 1149435ms] [LOG]   Waiting for hero_watch-video cc-1 to load... @ https://www.bevel.health/zh:619
[ 1149458ms] [LOG]   hero_phone-video cc-1 playing @ https://www.bevel.health/zh:612
[ 1149458ms] [LOG]   hero_watch-video cc-1 playing @ https://www.bevel.health/zh:612
[ 1154761ms] [LOG]   hero_phone-video cc-1 finished (1/2) @ https://www.bevel.health/zh:598
[ 1155293ms] [LOG]   hero_watch-video cc-1 finished (2/2) @ https://www.bevel.health/zh:598
[ 1155294ms] [LOG] Playing pair 1: [hero_phone-video cc-2, hero_watch-video cc-2] @ https://www.bevel.health/zh:578
[ 1155294ms] [LOG]   Waiting for hero_phone-video cc-2 to load... @ https://www.bevel.health/zh:619
[ 1155294ms] [LOG]   Waiting for hero_watch-video cc-2 to load... @ https://www.bevel.health/zh:619
[ 1155321ms] [LOG]   hero_phone-video cc-2 playing @ https://www.bevel.health/zh:612
[ 1155321ms] [LOG]   hero_watch-video cc-2 playing @ https://www.bevel.health/zh:612
[ 1161153ms] [LOG]   hero_phone-video cc-2 finished (1/2) @ https://www.bevel.health/zh:598
[ 1161154ms] [LOG]   hero_watch-video cc-2 finished (2/2) @ https://www.bevel.health/zh:598
[ 1161154ms] [LOG] Playing pair 2: [hero_phone-video cc-3, hero_watch-video cc-3] @ https://www.bevel.health/zh:578
[ 1161154ms] [LOG]   Waiting for hero_phone-video cc-3 to load... @ https://www.bevel.health/zh:619
[ 1161154ms] [LOG]   Waiting for hero_watch-video cc-3 to load... @ https://www.bevel.health/zh:619
[ 1161178ms] [LOG]   hero_phone-video cc-3 playing @ https://www.bevel.health/zh:612
[ 1161179ms] [LOG]   hero_watch-video cc-3 playing @ https://www.bevel.health/zh:612
[ 1167012ms] [LOG]   hero_phone-video cc-3 finished (1/2) @ https://www.bevel.health/zh:598
[ 1167012ms] [LOG]   hero_watch-video cc-3 finished (2/2) @ https://www.bevel.health/zh:598
[ 1167012ms] [LOG] Playing pair 0: [hero_phone-video cc-1, hero_watch-video cc-1] @ https://www.bevel.health/zh:578
[ 1167012ms] [LOG]   Waiting for hero_phone-video cc-1 to load... @ https://www.bevel.health/zh:619
[ 1167013ms] [LOG]   Waiting for hero_watch-video cc-1 to load... @ https://www.bevel.health/zh:619
[ 1167036ms] [LOG]   hero_phone-video cc-1 playing @ https://www.bevel.health/zh:612
[ 1167036ms] [LOG]   hero_watch-video cc-1 playing @ https://www.bevel.health/zh:612
[ 1172341ms] [LOG]   hero_phone-video cc-1 finished (1/2) @ https://www.bevel.health/zh:598
[ 1172872ms] [LOG]   hero_watch-video cc-1 finished (2/2) @ https://www.bevel.health/zh:598
[ 1172872ms] [LOG] Playing pair 1: [hero_phone-video cc-2, hero_watch-video cc-2] @ https://www.bevel.health/zh:578
[ 1172872ms] [LOG]   Waiting for hero_phone-video cc-2 to load... @ https://www.bevel.health/zh:619
[ 1172873ms] [LOG]   Waiting for hero_watch-video cc-2 to load... @ https://www.bevel.health/zh:619
[ 1172898ms] [LOG]   hero_watch-video cc-2 playing @ https://www.bevel.health/zh:612
[ 1172899ms] [LOG]   hero_phone-video cc-2 playing @ https://www.bevel.health/zh:612
[ 1178731ms] [LOG]   hero_watch-video cc-2 finished (1/2) @ https://www.bevel.health/zh:598
[ 1178731ms] [LOG]   hero_phone-video cc-2 finished (2/2) @ https://www.bevel.health/zh:598
[ 1178731ms] [LOG] Playing pair 2: [hero_phone-video cc-3, hero_watch-video cc-3] @ https://www.bevel.health/zh:578
[ 1178732ms] [LOG]   Waiting for hero_phone-video cc-3 to load... @ https://www.bevel.health/zh:619
[ 1178732ms] [LOG]   Waiting for hero_watch-video cc-3 to load... @ https://www.bevel.health/zh:619
[ 1178753ms] [LOG]   hero_phone-video cc-3 playing @ https://www.bevel.health/zh:612
[ 1178754ms] [LOG]   hero_watch-video cc-3 playing @ https://www.bevel.health/zh:612
[ 1184591ms] [LOG]   hero_phone-video cc-3 finished (1/2) @ https://www.bevel.health/zh:598
[ 1184591ms] [LOG]   hero_watch-video cc-3 finished (2/2) @ https://www.bevel.health/zh:598
[ 1184591ms] [LOG] Playing pair 0: [hero_phone-video cc-1, hero_watch-video cc-1] @ https://www.bevel.health/zh:578
[ 1184591ms] [LOG]   Waiting for hero_phone-video cc-1 to load... @ https://www.bevel.health/zh:619
[ 1184592ms] [LOG]   Waiting for hero_watch-video cc-1 to load... @ https://www.bevel.health/zh:619
[ 1184616ms] [LOG]   hero_phone-video cc-1 playing @ https://www.bevel.health/zh:612
[ 1184616ms] [LOG]   hero_watch-video cc-1 playing @ https://www.bevel.health/zh:612
[ 1189918ms] [LOG]   hero_phone-video cc-1 finished (1/2) @ https://www.bevel.health/zh:598
[ 1190450ms] [LOG]   hero_watch-video cc-1 finished (2/2) @ https://www.bevel.health/zh:598
[ 1190450ms] [LOG] Playing pair 1: [hero_phone-video cc-2, hero_watch-video cc-2] @ https://www.bevel.health/zh:578
[ 1190450ms] [LOG]   Waiting for hero_phone-video cc-2 to load... @ https://www.bevel.health/zh:619
[ 1190450ms] [LOG]   Waiting for hero_watch-video cc-2 to load... @ https://www.bevel.health/zh:619
[ 1190475ms] [LOG]   hero_watch-video cc-2 playing @ https://www.bevel.health/zh:612
[ 1190475ms] [LOG]   hero_phone-video cc-2 playing @ https://www.bevel.health/zh:612
[ 1196309ms] [LOG]   hero_watch-video cc-2 finished (1/2) @ https://www.bevel.health/zh:598
[ 1196310ms] [LOG]   hero_phone-video cc-2 finished (2/2) @ https://www.bevel.health/zh:598
[ 1196310ms] [LOG] Playing pair 2: [hero_phone-video cc-3, hero_watch-video cc-3] @ https://www.bevel.health/zh:578
[ 1196310ms] [LOG]   Waiting for hero_phone-video cc-3 to load... @ https://www.bevel.health/zh:619
[ 1196310ms] [LOG]   Waiting for hero_watch-video cc-3 to load... @ https://www.bevel.health/zh:619
[ 1196335ms] [LOG]   hero_phone-video cc-3 playing @ https://www.bevel.health/zh:612
[ 1196335ms] [LOG]   hero_watch-video cc-3 playing @ https://www.bevel.health/zh:612
[ 1202169ms] [LOG]   hero_phone-video cc-3 finished (1/2) @ https://www.bevel.health/zh:598
[ 1202169ms] [LOG]   hero_watch-video cc-3 finished (2/2) @ https://www.bevel.health/zh:598
[ 1202169ms] [LOG] Playing pair 0: [hero_phone-video cc-1, hero_watch-video cc-1] @ https://www.bevel.health/zh:578
[ 1202170ms] [LOG]   Waiting for hero_phone-video cc-1 to load... @ https://www.bevel.health/zh:619
[ 1202170ms] [LOG]   Waiting for hero_watch-video cc-1 to load... @ https://www.bevel.health/zh:619
[ 1202194ms] [LOG]   hero_phone-video cc-1 playing @ https://www.bevel.health/zh:612
[ 1202194ms] [LOG]   hero_watch-video cc-1 playing @ https://www.bevel.health/zh:612
[ 1207496ms] [LOG]   hero_phone-video cc-1 finished (1/2) @ https://www.bevel.health/zh:598
[ 1208029ms] [LOG]   hero_watch-video cc-1 finished (2/2) @ https://www.bevel.health/zh:598
[ 1208030ms] [LOG] Playing pair 1: [hero_phone-video cc-2, hero_watch-video cc-2] @ https://www.bevel.health/zh:578
[ 1208030ms] [LOG]   Waiting for hero_phone-video cc-2 to load... @ https://www.bevel.health/zh:619
[ 1208030ms] [LOG]   Waiting for hero_watch-video cc-2 to load... @ https://www.bevel.health/zh:619
[ 1208054ms] [LOG]   hero_watch-video cc-2 playing @ https://www.bevel.health/zh:612
[ 1208054ms] [LOG]   hero_phone-video cc-2 playing @ https://www.bevel.health/zh:612
[ 1213888ms] [LOG]   hero_watch-video cc-2 finished (1/2) @ https://www.bevel.health/zh:598
[ 1213888ms] [LOG]   hero_phone-video cc-2 finished (2/2) @ https://www.bevel.health/zh:598
[ 1213888ms] [LOG] Playing pair 2: [hero_phone-video cc-3, hero_watch-video cc-3] @ https://www.bevel.health/zh:578
[ 1213888ms] [LOG]   Waiting for hero_phone-video cc-3 to load... @ https://www.bevel.health/zh:619
[ 1213889ms] [LOG]   Waiting for hero_watch-video cc-3 to load... @ https://www.bevel.health/zh:619
[ 1213912ms] [LOG]   hero_phone-video cc-3 playing @ https://www.bevel.health/zh:612
[ 1213912ms] [LOG]   hero_watch-video cc-3 playing @ https://www.bevel.health/zh:612
[ 1219747ms] [LOG]   hero_phone-video cc-3 finished (1/2) @ https://www.bevel.health/zh:598
[ 1219747ms] [LOG]   hero_watch-video cc-3 finished (2/2) @ https://www.bevel.health/zh:598
[ 1219747ms] [LOG] Playing pair 0: [hero_phone-video cc-1, hero_watch-video cc-1] @ https://www.bevel.health/zh:578
[ 1219748ms] [LOG]   Waiting for hero_phone-video cc-1 to load... @ https://www.bevel.health/zh:619
[ 1219748ms] [LOG]   Waiting for hero_watch-video cc-1 to load... @ https://www.bevel.health/zh:619
[ 1219772ms] [LOG]   hero_phone-video cc-1 playing @ https://www.bevel.health/zh:612
[ 1219773ms] [LOG]   hero_watch-video cc-1 playing @ https://www.bevel.health/zh:612
[ 1225076ms] [LOG]   hero_phone-video cc-1 finished (1/2) @ https://www.bevel.health/zh:598
[ 1225607ms] [LOG]   hero_watch-video cc-1 finished (2/2) @ https://www.bevel.health/zh:598
[ 1225607ms] [LOG] Playing pair 1: [hero_phone-video cc-2, hero_watch-video cc-2] @ https://www.bevel.health/zh:578
[ 1225607ms] [LOG]   Waiting for hero_phone-video cc-2 to load... @ https://www.bevel.health/zh:619
[ 1225608ms] [LOG]   Waiting for hero_watch-video cc-2 to load... @ https://www.bevel.health/zh:619
[ 1225631ms] [LOG]   hero_watch-video cc-2 playing @ https://www.bevel.health/zh:612
[ 1225632ms] [LOG]   hero_phone-video cc-2 playing @ https://www.bevel.health/zh:612
[ 1231466ms] [LOG]   hero_watch-video cc-2 finished (1/2) @ https://www.bevel.health/zh:598
[ 1231466ms] [LOG]   hero_phone-video cc-2 finished (2/2) @ https://www.bevel.health/zh:598
[ 1231466ms] [LOG] Playing pair 2: [hero_phone-video cc-3, hero_watch-video cc-3] @ https://www.bevel.health/zh:578
[ 1231466ms] [LOG]   Waiting for hero_phone-video cc-3 to load... @ https://www.bevel.health/zh:619
[ 1231467ms] [LOG]   Waiting for hero_watch-video cc-3 to load... @ https://www.bevel.health/zh:619
[ 1231488ms] [LOG]   hero_phone-video cc-3 playing @ https://www.bevel.health/zh:612
[ 1231488ms] [LOG]   hero_watch-video cc-3 playing @ https://www.bevel.health/zh:612
[ 1237326ms] [LOG]   hero_phone-video cc-3 finished (1/2) @ https://www.bevel.health/zh:598
[ 1237326ms] [LOG]   hero_watch-video cc-3 finished (2/2) @ https://www.bevel.health/zh:598
[ 1237326ms] [LOG] Playing pair 0: [hero_phone-video cc-1, hero_watch-video cc-1] @ https://www.bevel.health/zh:578
[ 1237327ms] [LOG]   Waiting for hero_phone-video cc-1 to load... @ https://www.bevel.health/zh:619
[ 1237327ms] [LOG]   Waiting for hero_watch-video cc-1 to load... @ https://www.bevel.health/zh:619
[ 1237357ms] [LOG]   hero_phone-video cc-1 playing @ https://www.bevel.health/zh:612
[ 1237357ms] [LOG]   hero_watch-video cc-1 playing @ https://www.bevel.health/zh:612
[ 1242670ms] [LOG]   hero_phone-video cc-1 finished (1/2) @ https://www.bevel.health/zh:598
[ 1243200ms] [LOG]   hero_watch-video cc-1 finished (2/2) @ https://www.bevel.health/zh:598
[ 1243200ms] [LOG] Playing pair 1: [hero_phone-video cc-2, hero_watch-video cc-2] @ https://www.bevel.health/zh:578
[ 1243200ms] [LOG]   Waiting for hero_phone-video cc-2 to load... @ https://www.bevel.health/zh:619
[ 1243200ms] [LOG]   Waiting for hero_watch-video cc-2 to load... @ https://www.bevel.health/zh:619
[ 1243224ms] [LOG]   hero_watch-video cc-2 playing @ https://www.bevel.health/zh:612
[ 1243224ms] [LOG]   hero_phone-video cc-2 playing @ https://www.bevel.health/zh:612
[ 1249060ms] [LOG]   hero_watch-video cc-2 finished (1/2) @ https://www.bevel.health/zh:598
[ 1249060ms] [LOG]   hero_phone-video cc-2 finished (2/2) @ https://www.bevel.health/zh:598
[ 1249060ms] [LOG] Playing pair 2: [hero_phone-video cc-3, hero_watch-video cc-3] @ https://www.bevel.health/zh:578
[ 1249060ms] [LOG]   Waiting for hero_phone-video cc-3 to load... @ https://www.bevel.health/zh:619
[ 1249061ms] [LOG]   Waiting for hero_watch-video cc-3 to load... @ https://www.bevel.health/zh:619
[ 1249082ms] [LOG]   hero_phone-video cc-3 playing @ https://www.bevel.health/zh:612
[ 1249083ms] [LOG]   hero_watch-video cc-3 playing @ https://www.bevel.health/zh:612
[ 1254920ms] [LOG]   hero_phone-video cc-3 finished (1/2) @ https://www.bevel.health/zh:598
[ 1254920ms] [LOG]   hero_watch-video cc-3 finished (2/2) @ https://www.bevel.health/zh:598
[ 1254920ms] [LOG] Playing pair 0: [hero_phone-video cc-1, hero_watch-video cc-1] @ https://www.bevel.health/zh:578
[ 1254920ms] [LOG]   Waiting for hero_phone-video cc-1 to load... @ https://www.bevel.health/zh:619
[ 1254921ms] [LOG]   Waiting for hero_watch-video cc-1 to load... @ https://www.bevel.health/zh:619
[ 1254941ms] [LOG]   hero_phone-video cc-1 playing @ https://www.bevel.health/zh:612
[ 1254941ms] [LOG]   hero_watch-video cc-1 playing @ https://www.bevel.health/zh:612
[ 1260247ms] [LOG]   hero_phone-video cc-1 finished (1/2) @ https://www.bevel.health/zh:598
[ 1260781ms] [LOG]   hero_watch-video cc-1 finished (2/2) @ https://www.bevel.health/zh:598
[ 1260781ms] [LOG] Playing pair 1: [hero_phone-video cc-2, hero_watch-video cc-2] @ https://www.bevel.health/zh:578
[ 1260781ms] [LOG]   Waiting for hero_phone-video cc-2 to load... @ https://www.bevel.health/zh:619
[ 1260782ms] [LOG]   Waiting for hero_watch-video cc-2 to load... @ https://www.bevel.health/zh:619
[ 1260804ms] [LOG]   hero_watch-video cc-2 playing @ https://www.bevel.health/zh:612
[ 1260805ms] [LOG]   hero_phone-video cc-2 playing @ https://www.bevel.health/zh:612
[ 1266638ms] [LOG]   hero_watch-video cc-2 finished (1/2) @ https://www.bevel.health/zh:598
[ 1266638ms] [LOG]   hero_phone-video cc-2 finished (2/2) @ https://www.bevel.health/zh:598
[ 1266638ms] [LOG] Playing pair 2: [hero_phone-video cc-3, hero_watch-video cc-3] @ https://www.bevel.health/zh:578
[ 1266638ms] [LOG]   Waiting for hero_phone-video cc-3 to load... @ https://www.bevel.health/zh:619
[ 1266638ms] [LOG]   Waiting for hero_watch-video cc-3 to load... @ https://www.bevel.health/zh:619
[ 1266652ms] [LOG]   hero_phone-video cc-3 playing @ https://www.bevel.health/zh:612
[ 1266652ms] [LOG]   hero_watch-video cc-3 playing @ https://www.bevel.health/zh:612
[ 1272482ms] [LOG]   hero_phone-video cc-3 finished (1/2) @ https://www.bevel.health/zh:598
[ 1272482ms] [LOG]   hero_watch-video cc-3 finished (2/2) @ https://www.bevel.health/zh:598
[ 1272482ms] [LOG] Playing pair 0: [hero_phone-video cc-1, hero_watch-video cc-1] @ https://www.bevel.health/zh:578
[ 1272482ms] [LOG]   Waiting for hero_phone-video cc-1 to load... @ https://www.bevel.health/zh:619
[ 1272482ms] [LOG]   Waiting for hero_watch-video cc-1 to load... @ https://www.bevel.health/zh:619
[ 1272502ms] [LOG]   hero_phone-video cc-1 playing @ https://www.bevel.health/zh:612
[ 1272502ms] [LOG]   hero_watch-video cc-1 playing @ https://www.bevel.health/zh:612
[ 1277811ms] [LOG]   hero_phone-video cc-1 finished (1/2) @ https://www.bevel.health/zh:598
[ 1278342ms] [LOG]   hero_watch-video cc-1 finished (2/2) @ https://www.bevel.health/zh:598
[ 1278342ms] [LOG] Playing pair 1: [hero_phone-video cc-2, hero_watch-video cc-2] @ https://www.bevel.health/zh:578
[ 1278342ms] [LOG]   Waiting for hero_phone-video cc-2 to load... @ https://www.bevel.health/zh:619
[ 1278343ms] [LOG]   Waiting for hero_watch-video cc-2 to load... @ https://www.bevel.health/zh:619
[ 1278365ms] [LOG]   hero_watch-video cc-2 playing @ https://www.bevel.health/zh:612
[ 1278366ms] [LOG]   hero_phone-video cc-2 playing @ https://www.bevel.health/zh:612
[ 1284201ms] [LOG]   hero_watch-video cc-2 finished (1/2) @ https://www.bevel.health/zh:598
[ 1284202ms] [LOG]   hero_phone-video cc-2 finished (2/2) @ https://www.bevel.health/zh:598
[ 1284202ms] [LOG] Playing pair 2: [hero_phone-video cc-3, hero_watch-video cc-3] @ https://www.bevel.health/zh:578
[ 1284202ms] [LOG]   Waiting for hero_phone-video cc-3 to load... @ https://www.bevel.health/zh:619
[ 1284202ms] [LOG]   Waiting for hero_watch-video cc-3 to load... @ https://www.bevel.health/zh:619
[ 1284225ms] [LOG]   hero_phone-video cc-3 playing @ https://www.bevel.health/zh:612
[ 1284225ms] [LOG]   hero_watch-video cc-3 playing @ https://www.bevel.health/zh:612
[ 1290061ms] [LOG]   hero_phone-video cc-3 finished (1/2) @ https://www.bevel.health/zh:598
[ 1290061ms] [LOG]   hero_watch-video cc-3 finished (2/2) @ https://www.bevel.health/zh:598
[ 1290061ms] [LOG] Playing pair 0: [hero_phone-video cc-1, hero_watch-video cc-1] @ https://www.bevel.health/zh:578
[ 1290061ms] [LOG]   Waiting for hero_phone-video cc-1 to load... @ https://www.bevel.health/zh:619
[ 1290061ms] [LOG]   Waiting for hero_watch-video cc-1 to load... @ https://www.bevel.health/zh:619
[ 1290085ms] [LOG]   hero_phone-video cc-1 playing @ https://www.bevel.health/zh:612
[ 1290086ms] [LOG]   hero_watch-video cc-1 playing @ https://www.bevel.health/zh:612
[ 1295389ms] [LOG]   hero_phone-video cc-1 finished (1/2) @ https://www.bevel.health/zh:598
[ 1295921ms] [LOG]   hero_watch-video cc-1 finished (2/2) @ https://www.bevel.health/zh:598
[ 1295921ms] [LOG] Playing pair 1: [hero_phone-video cc-2, hero_watch-video cc-2] @ https://www.bevel.health/zh:578
[ 1295921ms] [LOG]   Waiting for hero_phone-video cc-2 to load... @ https://www.bevel.health/zh:619
[ 1295922ms] [LOG]   Waiting for hero_watch-video cc-2 to load... @ https://www.bevel.health/zh:619
[ 1295947ms] [LOG]   hero_watch-video cc-2 playing @ https://www.bevel.health/zh:612
[ 1295947ms] [LOG]   hero_phone-video cc-2 playing @ https://www.bevel.health/zh:612
[ 1301780ms] [LOG]   hero_watch-video cc-2 finished (1/2) @ https://www.bevel.health/zh:598
[ 1301780ms] [LOG]   hero_phone-video cc-2 finished (2/2) @ https://www.bevel.health/zh:598
[ 1301780ms] [LOG] Playing pair 2: [hero_phone-video cc-3, hero_watch-video cc-3] @ https://www.bevel.health/zh:578
[ 1301781ms] [LOG]   Waiting for hero_phone-video cc-3 to load... @ https://www.bevel.health/zh:619
[ 1301781ms] [LOG]   Waiting for hero_watch-video cc-3 to load... @ https://www.bevel.health/zh:619
[ 1301805ms] [LOG]   hero_phone-video cc-3 playing @ https://www.bevel.health/zh:612
[ 1301805ms] [LOG]   hero_watch-video cc-3 playing @ https://www.bevel.health/zh:612
[ 1307639ms] [LOG]   hero_phone-video cc-3 finished (1/2) @ https://www.bevel.health/zh:598
[ 1307639ms] [LOG]   hero_watch-video cc-3 finished (2/2) @ https://www.bevel.health/zh:598
[ 1307639ms] [LOG] Playing pair 0: [hero_phone-video cc-1, hero_watch-video cc-1] @ https://www.bevel.health/zh:578
[ 1307639ms] [LOG]   Waiting for hero_phone-video cc-1 to load... @ https://www.bevel.health/zh:619
[ 1307640ms] [LOG]   Waiting for hero_watch-video cc-1 to load... @ https://www.bevel.health/zh:619
[ 1307662ms] [LOG]   hero_phone-video cc-1 playing @ https://www.bevel.health/zh:612
[ 1307663ms] [LOG]   hero_watch-video cc-1 playing @ https://www.bevel.health/zh:612
[ 1312967ms] [LOG]   hero_phone-video cc-1 finished (1/2) @ https://www.bevel.health/zh:598
[ 1313498ms] [LOG]   hero_watch-video cc-1 finished (2/2) @ https://www.bevel.health/zh:598
[ 1313498ms] [LOG] Playing pair 1: [hero_phone-video cc-2, hero_watch-video cc-2] @ https://www.bevel.health/zh:578
[ 1313498ms] [LOG]   Waiting for hero_phone-video cc-2 to load... @ https://www.bevel.health/zh:619
[ 1313499ms] [LOG]   Waiting for hero_watch-video cc-2 to load... @ https://www.bevel.health/zh:619
[ 1313521ms] [LOG]   hero_watch-video cc-2 playing @ https://www.bevel.health/zh:612
[ 1313522ms] [LOG]   hero_phone-video cc-2 playing @ https://www.bevel.health/zh:612
[ 1319358ms] [LOG]   hero_watch-video cc-2 finished (1/2) @ https://www.bevel.health/zh:598
[ 1319358ms] [LOG]   hero_phone-video cc-2 finished (2/2) @ https://www.bevel.health/zh:598
[ 1319358ms] [LOG] Playing pair 2: [hero_phone-video cc-3, hero_watch-video cc-3] @ https://www.bevel.health/zh:578
[ 1319359ms] [LOG]   Waiting for hero_phone-video cc-3 to load... @ https://www.bevel.health/zh:619
[ 1319359ms] [LOG]   Waiting for hero_watch-video cc-3 to load... @ https://www.bevel.health/zh:619
[ 1319383ms] [LOG]   hero_phone-video cc-3 playing @ https://www.bevel.health/zh:612
[ 1319383ms] [LOG]   hero_watch-video cc-3 playing @ https://www.bevel.health/zh:612
[ 1325216ms] [LOG]   hero_phone-video cc-3 finished (1/2) @ https://www.bevel.health/zh:598
[ 1325217ms] [LOG]   hero_watch-video cc-3 finished (2/2) @ https://www.bevel.health/zh:598
[ 1325217ms] [LOG] Playing pair 0: [hero_phone-video cc-1, hero_watch-video cc-1] @ https://www.bevel.health/zh:578
[ 1325217ms] [LOG]   Waiting for hero_phone-video cc-1 to load... @ https://www.bevel.health/zh:619
[ 1325217ms] [LOG]   Waiting for hero_watch-video cc-1 to load... @ https://www.bevel.health/zh:619
[ 1325233ms] [LOG]   hero_phone-video cc-1 playing @ https://www.bevel.health/zh:612
[ 1325233ms] [LOG]   hero_watch-video cc-1 playing @ https://www.bevel.health/zh:612
[ 1330546ms] [LOG]   hero_phone-video cc-1 finished (1/2) @ https://www.bevel.health/zh:598
[ 1331077ms] [LOG]   hero_watch-video cc-1 finished (2/2) @ https://www.bevel.health/zh:598
[ 1331077ms] [LOG] Playing pair 1: [hero_phone-video cc-2, hero_watch-video cc-2] @ https://www.bevel.health/zh:578
[ 1331077ms] [LOG]   Waiting for hero_phone-video cc-2 to load... @ https://www.bevel.health/zh:619
[ 1331077ms] [LOG]   Waiting for hero_watch-video cc-2 to load... @ https://www.bevel.health/zh:619
[ 1331102ms] [LOG]   hero_watch-video cc-2 playing @ https://www.bevel.health/zh:612
[ 1331102ms] [LOG]   hero_phone-video cc-2 playing @ https://www.bevel.health/zh:612
[ 1336936ms] [LOG]   hero_watch-video cc-2 finished (1/2) @ https://www.bevel.health/zh:598
[ 1336936ms] [LOG]   hero_phone-video cc-2 finished (2/2) @ https://www.bevel.health/zh:598
[ 1336936ms] [LOG] Playing pair 2: [hero_phone-video cc-3, hero_watch-video cc-3] @ https://www.bevel.health/zh:578
[ 1336936ms] [LOG]   Waiting for hero_phone-video cc-3 to load... @ https://www.bevel.health/zh:619
[ 1336937ms] [LOG]   Waiting for hero_watch-video cc-3 to load... @ https://www.bevel.health/zh:619
[ 1336958ms] [LOG]   hero_phone-video cc-3 playing @ https://www.bevel.health/zh:612
[ 1336960ms] [LOG]   hero_watch-video cc-3 playing @ https://www.bevel.health/zh:612
[ 1342796ms] [LOG]   hero_phone-video cc-3 finished (1/2) @ https://www.bevel.health/zh:598
[ 1342796ms] [LOG]   hero_watch-video cc-3 finished (2/2) @ https://www.bevel.health/zh:598
[ 1342796ms] [LOG] Playing pair 0: [hero_phone-video cc-1, hero_watch-video cc-1] @ https://www.bevel.health/zh:578
[ 1342797ms] [LOG]   Waiting for hero_phone-video cc-1 to load... @ https://www.bevel.health/zh:619
[ 1342797ms] [LOG]   Waiting for hero_watch-video cc-1 to load... @ https://www.bevel.health/zh:619
[ 1342825ms] [LOG]   hero_phone-video cc-1 playing @ https://www.bevel.health/zh:612
[ 1342827ms] [LOG]   hero_watch-video cc-1 playing @ https://www.bevel.health/zh:612
[ 1348124ms] [LOG]   hero_phone-video cc-1 finished (1/2) @ https://www.bevel.health/zh:598
[ 1348671ms] [LOG]   hero_watch-video cc-1 finished (2/2) @ https://www.bevel.health/zh:598
[ 1348672ms] [LOG] Playing pair 1: [hero_phone-video cc-2, hero_watch-video cc-2] @ https://www.bevel.health/zh:578
[ 1348672ms] [LOG]   Waiting for hero_phone-video cc-2 to load... @ https://www.bevel.health/zh:619
[ 1348673ms] [LOG]   Waiting for hero_watch-video cc-2 to load... @ https://www.bevel.health/zh:619
[ 1348691ms] [LOG]   hero_phone-video cc-2 playing @ https://www.bevel.health/zh:612
[ 1348691ms] [LOG]   hero_watch-video cc-2 playing @ https://www.bevel.health/zh:612
[ 1354529ms] [LOG]   hero_phone-video cc-2 finished (1/2) @ https://www.bevel.health/zh:598
[ 1354529ms] [LOG]   hero_watch-video cc-2 finished (2/2) @ https://www.bevel.health/zh:598
[ 1354530ms] [LOG] Playing pair 2: [hero_phone-video cc-3, hero_watch-video cc-3] @ https://www.bevel.health/zh:578
[ 1354530ms] [LOG]   Waiting for hero_phone-video cc-3 to load... @ https://www.bevel.health/zh:619
[ 1354530ms] [LOG]   Waiting for hero_watch-video cc-3 to load... @ https://www.bevel.health/zh:619
[ 1354554ms] [LOG]   hero_phone-video cc-3 playing @ https://www.bevel.health/zh:612
[ 1354555ms] [LOG]   hero_watch-video cc-3 playing @ https://www.bevel.health/zh:612
[ 1360390ms] [LOG]   hero_phone-video cc-3 finished (1/2) @ https://www.bevel.health/zh:598
[ 1360390ms] [LOG]   hero_watch-video cc-3 finished (2/2) @ https://www.bevel.health/zh:598
[ 1360390ms] [LOG] Playing pair 0: [hero_phone-video cc-1, hero_watch-video cc-1] @ https://www.bevel.health/zh:578
[ 1360390ms] [LOG]   Waiting for hero_phone-video cc-1 to load... @ https://www.bevel.health/zh:619
[ 1360390ms] [LOG]   Waiting for hero_watch-video cc-1 to load... @ https://www.bevel.health/zh:619
[ 1360416ms] [LOG]   hero_phone-video cc-1 playing @ https://www.bevel.health/zh:612
[ 1360417ms] [LOG]   hero_watch-video cc-1 playing @ https://www.bevel.health/zh:612
[ 1365717ms] [LOG]   hero_phone-video cc-1 finished (1/2) @ https://www.bevel.health/zh:598
[ 1366248ms] [LOG]   hero_watch-video cc-1 finished (2/2) @ https://www.bevel.health/zh:598
[ 1366248ms] [LOG] Playing pair 1: [hero_phone-video cc-2, hero_watch-video cc-2] @ https://www.bevel.health/zh:578
[ 1366249ms] [LOG]   Waiting for hero_phone-video cc-2 to load... @ https://www.bevel.health/zh:619
[ 1366249ms] [LOG]   Waiting for hero_watch-video cc-2 to load... @ https://www.bevel.health/zh:619
[ 1366275ms] [LOG]   hero_phone-video cc-2 playing @ https://www.bevel.health/zh:612
[ 1366276ms] [LOG]   hero_watch-video cc-2 playing @ https://www.bevel.health/zh:612
[ 1372109ms] [LOG]   hero_phone-video cc-2 finished (1/2) @ https://www.bevel.health/zh:598
[ 1372109ms] [LOG]   hero_watch-video cc-2 finished (2/2) @ https://www.bevel.health/zh:598
[ 1372109ms] [LOG] Playing pair 2: [hero_phone-video cc-3, hero_watch-video cc-3] @ https://www.bevel.health/zh:578
[ 1372109ms] [LOG]   Waiting for hero_phone-video cc-3 to load... @ https://www.bevel.health/zh:619
[ 1372110ms] [LOG]   Waiting for hero_watch-video cc-3 to load... @ https://www.bevel.health/zh:619
[ 1372134ms] [LOG]   hero_phone-video cc-3 playing @ https://www.bevel.health/zh:612
[ 1372136ms] [LOG]   hero_watch-video cc-3 playing @ https://www.bevel.health/zh:612
[ 1377967ms] [LOG]   hero_phone-video cc-3 finished (1/2) @ https://www.bevel.health/zh:598
[ 1377967ms] [LOG]   hero_watch-video cc-3 finished (2/2) @ https://www.bevel.health/zh:598
[ 1377967ms] [LOG] Playing pair 0: [hero_phone-video cc-1, hero_watch-video cc-1] @ https://www.bevel.health/zh:578
[ 1377968ms] [LOG]   Waiting for hero_phone-video cc-1 to load... @ https://www.bevel.health/zh:619
[ 1377968ms] [LOG]   Waiting for hero_watch-video cc-1 to load... @ https://www.bevel.health/zh:619
[ 1377992ms] [LOG]   hero_phone-video cc-1 playing @ https://www.bevel.health/zh:612
[ 1377994ms] [LOG]   hero_watch-video cc-1 playing @ https://www.bevel.health/zh:612
[ 1383296ms] [LOG]   hero_phone-video cc-1 finished (1/2) @ https://www.bevel.health/zh:598
[ 1383827ms] [LOG]   hero_watch-video cc-1 finished (2/2) @ https://www.bevel.health/zh:598
[ 1383827ms] [LOG] Playing pair 1: [hero_phone-video cc-2, hero_watch-video cc-2] @ https://www.bevel.health/zh:578
[ 1383827ms] [LOG]   Waiting for hero_phone-video cc-2 to load... @ https://www.bevel.health/zh:619
[ 1383827ms] [LOG]   Waiting for hero_watch-video cc-2 to load... @ https://www.bevel.health/zh:619
[ 1383842ms] [LOG]   hero_watch-video cc-2 playing @ https://www.bevel.health/zh:612
[ 1383842ms] [LOG]   hero_phone-video cc-2 playing @ https://www.bevel.health/zh:612
[ 1389671ms] [LOG]   hero_watch-video cc-2 finished (1/2) @ https://www.bevel.health/zh:598
[ 1389671ms] [LOG]   hero_phone-video cc-2 finished (2/2) @ https://www.bevel.health/zh:598
[ 1389671ms] [LOG] Playing pair 2: [hero_phone-video cc-3, hero_watch-video cc-3] @ https://www.bevel.health/zh:578
[ 1389671ms] [LOG]   Waiting for hero_phone-video cc-3 to load... @ https://www.bevel.health/zh:619
[ 1389672ms] [LOG]   Waiting for hero_watch-video cc-3 to load... @ https://www.bevel.health/zh:619
[ 1389691ms] [LOG]   hero_phone-video cc-3 playing @ https://www.bevel.health/zh:612
[ 1389692ms] [LOG]   hero_watch-video cc-3 playing @ https://www.bevel.health/zh:612
[ 1395530ms] [LOG]   hero_phone-video cc-3 finished (1/2) @ https://www.bevel.health/zh:598
[ 1395530ms] [LOG]   hero_watch-video cc-3 finished (2/2) @ https://www.bevel.health/zh:598
[ 1395531ms] [LOG] Playing pair 0: [hero_phone-video cc-1, hero_watch-video cc-1] @ https://www.bevel.health/zh:578
[ 1395531ms] [LOG]   Waiting for hero_phone-video cc-1 to load... @ https://www.bevel.health/zh:619
[ 1395531ms] [LOG]   Waiting for hero_watch-video cc-1 to load... @ https://www.bevel.health/zh:619
[ 1395554ms] [LOG]   hero_phone-video cc-1 playing @ https://www.bevel.health/zh:612
[ 1395554ms] [LOG]   hero_watch-video cc-1 playing @ https://www.bevel.health/zh:612
